ESPN_ID,Season,Date,Home,Away,Home_Record,Away_Record,Home_Score,Away_Score,Line,Over_Under,Final_Status,Network,HQ1,HQ2,HQ3,HQ4,HOT,AQ1,AQ2,AQ3,AQ4,AOT,Week,League,home_first_downs,away_first_downs,home_total_yards,away_total_yards,home_passing_yards,away_passing_yards,home_rushing_yards,away_rushing_yards,home_penalties,away_penalties,home_turnovers,away_turnovers,home_possession,away_possession,home_third_down_eff,away_third_down_eff,home_fourth_down_eff,away_fourth_down_eff,home_completions_attempts,away_completions_attempts,home_yards_per_pass,away_yards_per_pass,home_interceptions_thrown,away_interceptions_thrown,home_rushing_attempts,away_rushing_attempts,home_yards_per_rush,away_yards_per_rush,home_fumbles_lost,away_fumbles_lost,home_total_plays,away_total_plays,home_total_drives,away_total_drives,home_yards_per_play,away_yards_per_play,home_redzone_made_att,away_redzone_made_att,home_dst_touchdowns,away_dst_touchdowns,home_passing_first_downs,away_passing_first_downs,home_rushing_first_downs,away_rushing_first_downs,home_first_downs_from_penalties,away_first_downs_from_penalties,home_sacks_yards_lost,away_sacks_yards_lost
271202003,2007,"December 2, 2007",Chicago Bears,New York Giants,"5-7, 2-4 Home","8-4, 5-1 Away",16,21,,,Final,FOX,7,6,3,0,,0,7,0,14,,13,NFL,18.0,24.0,312.0,356.0,244.0,181.0,68.0,175.0,10-71,2-10,0.0,4.0,29:24,30:36,6-19,5-12,1-1,1-1,25-46,16-27,4.7,6.2,0.0,2.0,23.0,37.0,3.0,4.7,0.0,2.0,75.0,66.0,14.0,12.0,4.2,5.4,1-4,3-4,0.0,0.0,13.0,13.0,5.0,9.0,0.0,2.0,6-52,2-14
270930008,2007,"September 30, 2007",Detroit Lions,Chicago Bears,"3-1, 2-0 Home","1-3, 0-2 Away",37,27,,,Final,FOX,3,0,0,34,,0,7,6,14,,4,NFL,19.0,22.0,310.0,303.0,215.0,234.0,95.0,69.0,9-59,14-102,2.0,3.0,29:37,30:23,2-10,7-18,0-0,1-1,20-24,34-52,7.2,4.0,0.0,3.0,25.0,22.0,3.8,3.1,2.0,0.0,55.0,80.0,15.0,15.0,5.6,3.8,3-5,2-4,3.0,1.0,12.0,16.0,4.0,4.0,3.0,2.0,6-32,6-52
271014003,2007,"October 14, 2007",Chicago Bears,Minnesota Vikings,"2-4, 1-2 Home","2-3, 1-2 Away",31,34,,,Final,FOX,7,7,0,17,,7,7,7,13,,6,NFL,20.0,16.0,458.0,444.0,375.0,133.0,83.0,311.0,4-28,2-10,4.0,0.0,28:41,31:19,6-15,5-16,0-1,0-0,26-45,9-23,8.2,5.5,2.0,0.0,24.0,43.0,3.5,7.2,2.0,0.0,70.0,67.0,15.0,16.0,6.5,6.6,0-1,0-0,1.0,0.0,14.0,5.0,5.0,11.0,1.0,0.0,1-6,1-3
271028003,2007,"October 28, 2007",Chicago Bears,Detroit Lions,"3-5, 1-3 Home","5-2, 2-2 Away",7,16,,,Final,FOX,0,0,7,0,,0,13,0,3,,8,NFL,16.0,22.0,255.0,365.0,192.0,246.0,63.0,119.0,7-78,5-32,4.0,1.0,25:06,34:54,7-14,4-13,0-0,0-0,22-40,24-35,4.6,6.3,4.0,0.0,20.0,28.0,3.2,4.3,0.0,1.0,62.0,67.0,12.0,12.0,4.1,5.4,0-1,1-4,0.0,0.0,9.0,13.0,5.0,6.0,2.0,3.0,2-16,4-22
271111013,2007,"November 11, 2007",Oakland Raiders,Chicago Bears,"2-7, 1-4 Home","4-5, 3-2 Away",6,17,,,Final,FOX,3,0,0,3,,0,3,0,14,,10,NFL,12.0,16.0,193.0,295.0,86.0,217.0,107.0,78.0,6-46,7-50,3.0,0.0,28:23,31:37,3-15,5-16,0-0,0-0,14-27,17-28,2.9,7.0,1.0,0.0,30.0,34.0,3.6,2.3,2.0,0.0,60.0,65.0,15.0,14.0,3.2,4.5,0-0,1-2,0.0,0.0,7.0,12.0,4.0,4.0,1.0,0.0,3-22,3-22
271125003,2007,"November 25, 2007",Chicago Bears,Denver Broncos,"5-6, 2-3 Home","5-6, 2-3 Away",37,34,,,Final/OT,CBS,3,3,14,14,3.0,3,10,14,7,0.0,12,NFL,18.0,22.0,293.0,430.0,171.0,292.0,122.0,138.0,5-50,5-28,4.0,2.0,29:47,33:54,4-15,1-12,1-1,1-1,17-33,17-31,4.8,8.8,1.0,1.0,32.0,37.0,3.8,3.7,3.0,1.0,68.0,70.0,17.0,16.0,4.3,6.1,2-6,3-5,2.0,0.0,10.0,12.0,6.0,9.0,2.0,1.0,3-22,2-10
271206028,2007,"December 6, 2007",Washington Redskins,Chicago Bears,"6-7, 4-3 Home","5-8, 3-4 Away",24,16,,,Final,NFL,0,7,7,10,,0,0,10,6,,14,NFL,15.0,22.0,345.0,356.0,314.0,296.0,31.0,60.0,7-48,9-49,1.0,2.0,28:41,31:19,6-15,5-16,0-0,1-1,25-36,29-51,8.5,5.6,0.0,2.0,24.0,24.0,1.3,2.5,1.0,0.0,61.0,77.0,14.0,13.0,5.7,4.6,2-4,1-4,0.0,0.0,14.0,14.0,1.0,5.0,0.0,3.0,1-10,2-13
271223003,2007,"December 23, 2007",Chicago Bears,Green Bay Packers,"6-9, 3-4 Home","12-3, 6-2 Away",35,7,,,Final,FOX,3,10,15,7,,0,7,0,0,,16,NFL,14.0,13.0,240.0,274.0,104.0,149.0,136.0,125.0,6-30,1-10,0.0,2.0,33:33,26:27,6-15,3-12,2-3,1-3,9-15,17-32,6.9,4.5,0.0,2.0,44.0,21.0,3.1,6.0,0.0,0.0,59.0,54.0,11.0,12.0,4.1,5.1,2-5,0-2,3.0,0.0,6.0,9.0,8.0,4.0,0.0,0.0,0-0,1-4
270916003,2007,"September 16, 2007",Chicago Bears,Kansas City Chiefs,"1-1, 1-0 Home","0-2, 0-2 Away",20,10,,,Final,CBS,0,17,3,0,,0,7,3,0,,2,NFL,18.0,13.0,239.0,281.0,132.0,211.0,107.0,70.0,5-55,9-60,3.0,2.0,31:13,28:47,3-13,5-16,0-0,0-0,20-34,23-32,3.6,5.9,2.0,1.0,29.0,24.0,3.7,2.9,1.0,1.0,66.0,60.0,13.0,15.0,3.6,4.7,1-2,1-2,1.0,0.0,10.0,10.0,6.0,2.0,2.0,1.0,3-28,4-19
270820011,2007,"August 20, 2007",Indianapolis Colts,Chicago Bears,"0-2, 0-1 Home","2-0, 2-0 Away",24,27,,,Final,ESPN,0,17,0,7,,0,17,10,0,,1,NFL,,,,,,,,,,,,,,,,,,,,,,,,,,,,,,,,,,,,,,,,,,,,,,,,
270923003,2007,"September 23, 2007",Chicago Bears,Dallas Cowboys,"1-2, 1-1 Home","3-0, 2-0 Away",10,34,,,Final,NBC,3,0,7,0,,0,3,14,17,,3,NFL,16.0,21.0,239.0,431.0,164.0,300.0,75.0,131.0,5-28,12-100,4.0,1.0,24:39,35:21,5-12,4-13,0-2,1-1,15-33,22-35,4.6,7.9,3.0,1.0,23.0,25.0,3.3,5.2,1.0,0.0,59.0,63.0,13.0,12.0,4.1,6.8,1-3,3-5,0.0,2.0,10.0,16.0,4.0,5.0,2.0,0.0,3-31,3-29
271007009,2007,"October 7, 2007",Green Bay Packers,Chicago Bears,"4-1, 2-1 Home","2-3, 1-2 Away",20,27,,,Final,NBC,7,10,3,0,,0,7,10,10,,5,NFL,18.0,16.0,439.0,285.0,318.0,203.0,121.0,82.0,12-93,6-40,5.0,1.0,30:30,29:30,6-14,3-14,0-0,0-0,29-40,15-25,7.8,7.5,2.0,1.0,22.0,33.0,5.5,2.5,3.0,0.0,63.0,60.0,14.0,13.0,7.0,4.8,1-4,2-3,0.0,0.0,12.0,8.0,5.0,4.0,1.0,4.0,1-4,2-11
271021021,2007,"October 21, 2007",Philadelphia Eagles,Chicago Bears,"2-4, 1-2 Home","3-4, 2-2 Away",16,19,,,Final,FOX,3,6,0,7,,0,3,3,13,,7,NFL,21.0,19.0,334.0,386.0,211.0,314.0,123.0,72.0,5-32,7-51,0.0,0.0,30:31,29:29,7-14,8-16,0-0,0-0,21-34,27-41,5.7,7.5,0.0,0.0,25.0,23.0,4.9,3.1,0.0,0.0,62.0,65.0,9.0,9.0,5.4,5.9,1-4,1-3,0.0,0.0,12.0,16.0,8.0,2.0,1.0,1.0,3-15,1-8
271118026,2007,"November 18, 2007",Seattle Seahawks,Chicago Bears,"6-4, 5-1 Home","4-6, 3-3 Away",30,23,,,Final,FOX,7,10,7,6,,10,7,0,6,,11,NFL,21.0,16.0,425.0,345.0,322.0,238.0,103.0,107.0,2-20,6-40,1.0,1.0,31:05,28:55,6-16,6-16,1-1,0-2,30-44,24-37,7.0,5.7,0.0,0.0,23.0,22.0,4.5,4.9,1.0,1.0,69.0,64.0,14.0,14.0,6.2,5.4,3-4,1-2,0.0,0.0,14.0,9.0,7.0,5.0,0.0,2.0,2-15,5-28
271217016,2007,"December 17, 2007",Minnesota Vikings,Chicago Bears,"8-6, 5-2 Home","5-9, 3-5 Away",20,13,,,Final,ESPN,0,6,6,8,,3,10,0,0,,15,NFL,21.0,11.0,372.0,209.0,236.0,177.0,136.0,32.0,4-30,11-95,4.0,1.0,35:45,24:15,5-14,1-14,1-1,1-2,18-29,22-38,7.6,4.5,3.0,1.0,34.0,17.0,4.0,1.9,1.0,0.0,65.0,56.0,16.0,14.0,5.7,3.7,2-2,1-2,0.0,0.0,9.0,7.0,9.0,3.0,3.0,1.0,2-13,1-7
270811034,2007,"August 11, 2007",Houston Texans,Chicago Bears,"0-1, 0-1 Home","1-0, 1-0 Away",19,20,,,Final,,3,9,7,0,,0,7,0,13,,HOF,NFL,,,,,,,,,,,,,,,,,,,,,,,,,,,,,,,,,,,,,,,,,,,,,,,,
270825003,2007,"August 25, 2007",Chicago Bears,San Francisco 49ers,"3-0, 1-0 Home","1-2, 0-1 Away",31,28,,,Final,,10,21,0,0,,0,13,0,15,,2,NFL,,,,,,,,,,,,,,,,,,,,,,,,,,,,,,,,,,,,,,,,,,,,,,,,
270909024,2007,"September 9, 2007",San Diego Chargers,Chicago Bears,"1-0, 1-0 Home","0-1, 0-1 Away",14,3,,,Final,FOX,0,0,7,7,,0,3,0,0,,1,NFL,19.0,11.0,263.0,202.0,186.0,122.0,77.0,80.0,3-20,4-38,2.0,4.0,37:03,22:57,8-17,3-11,1-1,0-1,23-32,12-23,5.3,4.7,1.0,1.0,36.0,26.0,2.1,3.1,1.0,3.0,71.0,52.0,12.0,11.0,3.7,3.9,2-5,0-1,0.0,0.0,9.0,7.0,8.0,4.0,2.0,0.0,3-21,3-23
270830003,2007,"August 30, 2007",Chicago Bears,Cleveland Browns,"3-1, 1-1 Home","3-1, 2-0 Away",9,19,,,Final,,0,3,6,0,,5,14,0,0,,3,NFL,,,,,,,,,,,,,,,,,,,,,,,,,,,,,,,,,,,,,,,,,,,,,,,,
271230003,2007,"December 30, 2007",Chicago Bears,New Orleans Saints,"7-9, 4-4 Home","7-9, 4-4 Away",33,25,,,Final,FOX,10,14,7,2,,0,17,0,8,,17,NFL,13.0,28.0,275.0,413.0,179.0,308.0,96.0,105.0,5-34,8-72,3.0,3.0,24:52,35:08,6-14,3-14,0-1,1-4,13-28,35-60,6.0,4.9,1.0,2.0,27.0,20.0,3.6,5.3,2.0,1.0,57.0,83.0,16.0,15.0,4.8,5.0,2-2,2-2,1.0,0.0,7.0,18.0,4.0,8.0,2.0,2.0,2-20,3-12
280807003,2008,"August 7, 2008",Chicago Bears,Kansas City Chiefs,"0-1, 0-1 Home","1-0, 1-0 Away",20,24,,,Final,,0,3,14,3,,7,7,0,10,,1,NFL,,,,,,,,,,,,,,,,,,,,,,,,,,,,,,,,,,,,,,,,,,,,,,,,
280914029,2008,"September 14, 2008",Carolina Panthers,Chicago Bears,"2-0, 1-0 Home","1-1, 1-1 Away",20,17,,,Final,FOX,0,3,10,7,,7,3,7,0,,2,NFL,12.0,12.0,216.0,256.0,102.0,141.0,114.0,115.0,10-65,12-86,1.0,2.0,31:45,28:15,2-13,6-15,0-0,0-1,12-21,19-32,4.3,4.3,1.0,0.0,31.0,29.0,3.7,4.0,0.0,2.0,55.0,62.0,14.0,14.0,3.9,4.1,2-3,1-2,0.0,1.0,4.0,6.0,8.0,6.0,0.0,0.0,3-26,1-8
280928003,2008,"September 28, 2008",Chicago Bears,Philadelphia Eagles,"2-2, 1-1 Home","2-2, 0-2 Away",24,20,,,Final,NBC,7,14,0,3,,7,7,3,3,,4,NFL,13.0,18.0,256.0,340.0,178.0,237.0,78.0,103.0,1-5,3-25,4.0,2.0,28:06,31:54,7-17,2-13,0-0,0-1,18-34,25-41,4.7,5.4,2.0,1.0,26.0,23.0,3.0,4.5,2.0,1.0,64.0,67.0,14.0,16.0,4.0,5.1,1-2,1-4,0.0,0.0,8.0,13.0,4.0,5.0,1.0,0.0,4-21,3-25
281012001,2008,"October 12, 2008",Atlanta Falcons,Chicago Bears,"4-2, 3-0 Home","3-3, 2-2 Away",22,20,,,Final,FOX,6,3,3,10,,0,3,7,10,,6,NFL,18.0,22.0,376.0,361.0,301.0,282.0,75.0,79.0,6-46,6-57,1.0,1.0,30:50,29:10,6-14,9-16,0-0,1-2,22-30,26-43,10.0,6.4,0.0,0.0,30.0,23.0,2.5,3.4,1.0,1.0,60.0,67.0,10.0,9.0,6.3,5.4,1-4,2-5,0.0,0.0,14.0,17.0,4.0,4.0,0.0,1.0,0-0,1-4
281228034,2008,"December 28, 2008",Houston Texans,Chicago Bears,"8-8, 6-2 Home","9-7, 3-5 Away",31,24,,,Final,FOX,0,14,7,10,,10,0,7,7,,17,NFL,25.0,21.0,455.0,294.0,328.0,225.0,127.0,69.0,7-70,2-10,1.0,1.0,37:34,22:26,4-10,2-10,1-1,1-1,27-36,22-37,9.1,5.8,0.0,0.0,36.0,18.0,3.5,3.8,1.0,1.0,72.0,57.0,12.0,10.0,6.3,5.2,3-4,3-4,0.0,0.0,16.0,14.0,8.0,6.0,1.0,1.0,0-0,2-19
281109003,2008,"November 9, 2008",Chicago Bears,Tennessee Titans,"5-4, 3-2 Home","9-0, 4-0 Away",14,21,,,Final,CBS,7,0,0,7,,0,7,7,7,,10,NFL,15.0,19.0,243.0,304.0,165.0,284.0,78.0,20.0,3-20,8-55,1.0,1.0,26:44,33:16,3-14,7-17,1-2,0-1,20-37,30-41,4.2,6.8,1.0,0.0,24.0,29.0,3.3,0.7,0.0,1.0,63.0,71.0,13.0,14.0,3.9,4.3,2-2,3-4,0.0,0.0,8.0,17.0,6.0,2.0,1.0,0.0,2-8,1-5
281123014,2008,"November 23, 2008",St. Louis Rams,Chicago Bears,"2-9, 1-4 Home","6-5, 3-3 Away",3,27,,,Final,FOX,0,3,0,0,,14,10,3,0,,12,NFL,13.0,18.0,207.0,334.0,193.0,126.0,14.0,208.0,11-85,3-14,4.0,2.0,29:45,30:15,3-13,4-12,1-2,0-0,19-36,17-28,4.7,4.3,4.0,0.0,19.0,33.0,0.7,6.3,0.0,2.0,60.0,62.0,13.0,13.0,3.4,5.4,0-2,2-3,0.0,0.0,10.0,6.0,3.0,12.0,0.0,0.0,5-43,1-6
281207003,2008,"December 7, 2008",Chicago Bears,Jacksonville Jaguars,"7-6, 4-2 Home","4-9, 3-4 Away",23,10,,,Final,CBS,10,10,0,3,,3,0,0,7,,14,NFL,16.0,14.0,296.0,278.0,210.0,159.0,86.0,119.0,1-5,4-21,1.0,1.0,27:57,32:03,5-15,5-17,1-1,1-3,20-34,19-38,6.0,3.9,1.0,1.0,26.0,28.0,3.3,4.3,0.0,0.0,61.0,69.0,13.0,13.0,4.9,4.0,1-4,1-1,0.0,0.0,10.0,8.0,5.0,6.0,1.0,0.0,1-9,3-19
281222003,2008,"December 22, 2008",Chicago Bears,Green Bay Packers,"9-6, 6-2 Home","5-10, 2-6 Away",20,17,,,Final/OT,ESPN,0,3,7,7,3.0,0,14,0,3,0.0,16,NFL,15.0,20.0,210.0,325.0,136.0,260.0,74.0,65.0,4-35,6-50,2.0,2.0,27:50,35:42,3-12,8-17,1-1,2-2,14-27,24-39,4.5,6.7,2.0,1.0,26.0,29.0,2.8,2.2,0.0,1.0,56.0,68.0,12.0,11.0,3.8,4.8,2-3,2-4,0.0,0.0,9.0,15.0,5.0,5.0,1.0,0.0,3-6,0-0
280816026,2008,"August 16, 2008",Seattle Seahawks,Chicago Bears,"2-0, 1-0 Home","0-2, 0-1 Away",29,26,,,Final/OT,,6,3,0,17,3.0,0,5,14,7,0.0,2,NFL,,,,,,,,,,,,,,,,,,,,,,,,,,,,,,,,,,,,,,,,,,,,,,,,
280907011,2008,"September 7, 2008",Indianapolis Colts,Chicago Bears,"0-1, 0-1 Home","1-0, 1-0 Away",13,29,,,Final,NBC,3,3,7,0,,7,8,7,7,,1,NFL,23.0,17.0,293.0,319.0,240.0,136.0,53.0,183.0,6-40,7-60,1.0,0.0,28:16,31:44,5-11,10-16,0-2,0-0,30-49,13-21,4.7,5.9,0.0,0.0,15.0,39.0,3.5,4.7,1.0,0.0,66.0,62.0,9.0,12.0,4.4,5.1,1-3,1-2,0.0,2.0,15.0,7.0,5.0,9.0,3.0,1.0,2-17,2-14
280921003,2008,"September 21, 2008",Chicago Bears,Tampa Bay Buccaneers,"1-2, 0-1 Home","2-1, 1-1 Away",24,27,,,Final/OT,FOX,6,3,8,7,0.0,7,7,0,10,3.0,3,NFL,21.0,28.0,405.0,454.0,247.0,407.0,158.0,47.0,8-64,6-61,2.0,4.0,39:17,31:22,4-15,6-16,1-1,0-0,22-34,38-67,6.7,6.1,2.0,3.0,37.0,17.0,4.3,2.8,0.0,1.0,74.0,84.0,16.0,14.0,5.5,5.4,2-4,2-4,0.0,2.0,14.0,22.0,7.0,4.0,0.0,2.0,3-21,0-0
281005008,2008,"October 5, 2008",Detroit Lions,Chicago Bears,"0-4, 0-2 Home","3-2, 2-1 Away",7,34,,,Final,FOX,0,0,7,0,,3,14,14,3,,5,NFL,12.0,21.0,185.0,425.0,131.0,328.0,54.0,97.0,6-41,6-45,2.0,1.0,21:45,38:15,3-14,7-15,0-2,0-1,21-39,24-34,3.0,9.4,1.0,0.0,13.0,34.0,4.2,2.9,1.0,1.0,56.0,69.0,14.0,13.0,3.3,6.2,1-1,3-5,0.0,2.0,7.0,14.0,3.0,7.0,2.0,0.0,4-40,1-6
281019003,2008,"October 19, 2008",Chicago Bears,Minnesota Vikings,"4-3, 2-1 Home","3-4, 1-3 Away",48,41,,,Final,FOX,14,13,14,7,,14,10,7,10,,7,NFL,20.0,28.0,327.0,439.0,274.0,284.0,53.0,155.0,5-45,8-50,1.0,5.0,24:53,35:07,2-9,4-12,0-0,3-4,21-32,25-40,8.1,6.8,0.0,4.0,22.0,32.0,2.4,4.8,1.0,1.0,56.0,74.0,15.0,13.0,5.8,5.9,2-3,3-5,4.0,0.0,13.0,16.0,5.0,10.0,2.0,2.0,2-9,2-14
281102003,2008,"November 2, 2008",Chicago Bears,Detroit Lions,"5-3, 3-1 Home","0-8, 0-5 Away",27,23,,,Final,FOX,10,3,7,7,,0,23,0,0,,9,NFL,18.0,21.0,320.0,333.0,166.0,280.0,154.0,53.0,3-25,4-36,2.0,3.0,27:51,32:09,5-15,7-17,0-0,0-0,16-32,28-47,5.0,5.7,1.0,2.0,31.0,26.0,5.0,2.0,1.0,1.0,64.0,75.0,13.0,15.0,5.0,4.4,3-4,2-4,0.0,0.0,9.0,17.0,9.0,4.0,0.0,0.0,1-0,2-12
281116009,2008,"November 16, 2008",Green Bay Packers,Chicago Bears,"5-5, 3-2 Home","5-5, 2-3 Away",37,3,,,Final,FOX,7,10,7,13,,0,3,0,0,,11,NFL,24.0,9.0,427.0,234.0,227.0,151.0,200.0,83.0,6-55,8-65,1.0,1.0,37:28,22:32,7-14,3-12,1-1,0-2,23-30,17-33,7.6,4.4,1.0,0.0,38.0,20.0,5.3,4.2,0.0,1.0,68.0,54.0,9.0,10.0,6.3,4.3,3-4,0-1,2.0,0.0,12.0,5.0,11.0,3.0,1.0,1.0,0-0,1-8
281130016,2008,"November 30, 2008",Minnesota Vikings,Chicago Bears,"7-5, 5-1 Home","6-6, 3-4 Away",34,14,,,Final,NBC,0,17,7,10,,7,0,7,0,,13,NFL,17.0,10.0,378.0,228.0,200.0,125.0,178.0,103.0,4-30,5-50,1.0,3.0,33:45,26:15,5-17,3-14,0-0,0-1,16-25,11-29,7.4,3.9,1.0,3.0,39.0,26.0,4.6,4.0,0.0,0.0,66.0,58.0,16.0,17.0,5.7,3.9,2-4,1-2,0.0,0.0,8.0,4.0,8.0,5.0,1.0,1.0,2-10,3-28
281211003,2008,"December 11, 2008",Chicago Bears,New Orleans Saints,"8-6, 5-2 Home","7-7, 1-6 Away",27,24,,,Final/OT,NFL,7,14,0,3,3.0,0,7,7,10,0.0,15,NFL,16.0,22.0,226.0,345.0,171.0,226.0,55.0,119.0,4-24,5-97,3.0,2.0,26:14,36:32,5-12,7-17,0-1,1-2,24-41,24-43,4.1,5.1,2.0,2.0,20.0,32.0,2.8,3.7,1.0,0.0,62.0,76.0,15.0,13.0,3.6,4.5,2-4,2-4,1.0,0.0,9.0,14.0,5.0,7.0,2.0,1.0,1-1,1-6
280821003,2008,"August 21, 2008",Chicago Bears,San Francisco 49ers,"0-3, 0-2 Home","2-1, 1-1 Away",30,37,,,Final,FOX,10,10,3,7,,6,14,7,10,,3,NFL,,,,,,,,,,,,,,,,,,,,,,,,,,,,,,,,,,,,,,,,,,,,,,,,
280828005,2008,"August 28, 2008",Cleveland Browns,Chicago Bears,"0-4, 0-2 Home","1-3, 1-1 Away",10,16,,,Final,,10,0,0,0,,0,10,3,3,,4,NFL,,,,,,,,,,,,,,,,,,,,,,,,,,,,,,,,,,,,,,,,,,,,,,,,
300103008,2009,"January 3, 2010",Detroit Lions,Chicago Bears,"2-14, 2-6 Home","7-9, 2-6 Away",23,37,,,Final,FOX,3,7,3,10,,3,10,7,17,,17,NFL,18.0,22.0,349.0,418.0,249.0,268.0,100.0,150.0,6-35,5-35,2.0,0.0,30:47,29:13,5-14,7-15,1-2,0-0,23-34,22-36,6.9,7.1,1.0,0.0,25.0,28.0,4.0,5.4,1.0,0.0,61.0,66.0,12.0,13.0,5.7,6.3,2-4,4-6,0.0,0.0,13.0,16.0,5.0,4.0,0.0,2.0,2-13,2-8
290903003,2009,"September 3, 2009",Chicago Bears,Cleveland Browns,"3-1, 2-0 Home","2-2, 0-2 Away",26,23,,,Final,,3,3,14,6,,7,6,7,3,,4,NFL,,,,,,,,,,,,,,,,,,,,,,,,,,,,,,,,,,,,,,,,,,,,,,,,
290830007,2009,"August 30, 2009",Denver Broncos,Chicago Bears,"0-3, 0-1 Home","2-1, 1-1 Away",17,27,,,Final,NBC,3,0,7,7,,3,14,0,10,,3,NFL,,,,,,,,,,,,,,,,,,,,,,,,,,,,,,,,,,,,,,,,,,,,,,,,
290815002,2009,"August 15, 2009",Buffalo Bills,Chicago Bears,"1-1, 1-0 Home","0-1, 0-1 Away",27,20,,,Final,NFL,0,6,7,14,,3,3,7,7,,1,NFL,,,,,,,,,,,,,,,,,,,,,,,,,,,,,,,,,,,,,,,,,,,,,,,,
291220033,2009,"December 20, 2009",Baltimore Ravens,Chicago Bears,"8-6, 6-2 Home","5-9, 1-6 Away",31,7,,,Final,FOX,14,0,17,0,,0,7,0,0,,15,NFL,18.0,13.0,346.0,220.0,222.0,98.0,124.0,122.0,4-26,1-9,1.0,6.0,32:18,27:42,5-15,5-15,1-1,1-3,23-33,12-32,6.3,2.9,1.0,4.0,31.0,30.0,4.0,4.1,0.0,2.0,66.0,64.0,15.0,14.0,5.2,3.4,3-4,0-2,0.0,1.0,13.0,5.0,5.0,8.0,0.0,0.0,2-22,2-4
291206003,2009,"December 6, 2009",Chicago Bears,St. Louis Rams,"5-7, 4-2 Home","1-11, 1-5 Away",17,9,,,Final,FOX,10,0,7,0,,0,3,3,3,,13,NFL,14.0,14.0,248.0,233.0,128.0,98.0,120.0,135.0,4-35,6-85,1.0,2.0,28:00,32:00,4-13,2-14,0-1,0-1,9-18,17-32,6.4,2.8,0.0,1.0,38.0,30.0,3.2,4.5,1.0,1.0,58.0,65.0,14.0,13.0,4.3,3.6,2-4,0-1,0.0,0.0,4.0,6.0,7.0,6.0,3.0,2.0,2-15,3-15
291108003,2009,"November 8, 2009",Chicago Bears,Arizona Cardinals,"4-4, 3-1 Home","5-3, 4-0 Away",21,41,,,Final,FOX,7,0,0,14,,14,17,3,7,,9,NFL,20.0,27.0,417.0,438.0,347.0,256.0,70.0,182.0,9-89,2-15,1.0,1.0,26:44,33:16,5-13,8-14,0-2,0-0,29-47,22-33,6.8,7.5,1.0,1.0,12.0,31.0,5.8,5.9,0.0,0.0,63.0,65.0,12.0,13.0,6.6,6.7,1-1,5-6,0.0,0.0,16.0,17.0,4.0,8.0,0.0,2.0,4-22,1-5
291025004,2009,"October 25, 2009",Cincinnati Bengals,Chicago Bears,"5-2, 2-2 Home","3-3, 1-3 Away",45,10,,,Final,FOX,14,17,7,7,,0,3,0,7,,7,NFL,30.0,15.0,448.0,279.0,233.0,244.0,215.0,35.0,3-20,6-44,0.0,4.0,36:22,23:38,8-12,5-10,0-1,1-2,20-24,27-39,9.7,6.1,0.0,3.0,45.0,12.0,4.8,2.9,0.0,1.0,69.0,52.0,9.0,11.0,6.5,5.4,6-7,1-2,0.0,0.0,16.0,12.0,11.0,3.0,3.0,0.0,0-0,1-10
290927026,2009,"September 27, 2009",Seattle Seahawks,Chicago Bears,"1-2, 1-1 Home","2-1, 1-1 Away",19,25,,,Final,FOX,10,3,0,6,,0,7,10,8,,3,NFL,19.0,14.0,346.0,318.0,243.0,233.0,103.0,85.0,4-45,6-60,2.0,2.0,29:36,30:24,7-17,4-12,1-2,1-1,26-44,21-27,5.2,8.0,1.0,1.0,28.0,28.0,3.7,3.0,1.0,1.0,75.0,57.0,12.0,13.0,4.6,5.6,0-2,3-5,0.0,0.0,12.0,11.0,5.0,3.0,2.0,0.0,3-18,2-14
290913009,2009,"September 13, 2009",Green Bay Packers,Chicago Bears,"1-0, 1-0 Home","0-1, 0-1 Away",21,15,,,Final,NBC,0,10,0,11,,0,2,10,3,,1,NFL,12.0,18.0,226.0,352.0,150.0,266.0,76.0,86.0,6-45,3-25,0.0,4.0,26:57,33:03,4-14,4-15,0-0,1-3,17-28,17-36,4.7,7.0,0.0,4.0,22.0,31.0,3.5,2.8,0.0,0.0,54.0,69.0,13.0,13.0,4.2,5.1,1-3,0-3,0.0,0.0,8.0,12.0,4.0,4.0,0.0,2.0,4-34,2-11
291122003,2009,"November 22, 2009",Chicago Bears,Philadelphia Eagles,"4-6, 3-2 Home","6-4, 3-2 Away",20,24,,,Final,NBC,0,9,11,0,,10,0,7,7,,11,NFL,14.0,18.0,284.0,377.0,158.0,220.0,126.0,157.0,7-64,8-46,1.0,3.0,29:03,30:57,3-16,7-15,2-2,0-0,24-43,24-33,3.6,6.1,1.0,1.0,20.0,30.0,6.3,5.2,0.0,2.0,64.0,66.0,13.0,14.0,4.4,5.7,1-3,2-3,0.0,0.0,8.0,9.0,4.0,8.0,2.0,1.0,1-13,3-24
291228003,2009,"December 28, 2009",Chicago Bears,Minnesota Vikings,"6-9, 5-3 Home","11-4, 4-4 Away",36,30,,,Final/OT,ESPN,3,13,7,7,6.0,0,0,13,17,0.0,16,NFL,19.0,26.0,363.0,423.0,258.0,300.0,105.0,123.0,3-31,4-47,1.0,2.0,29:20,36:25,5-14,5-14,0-0,1-1,20-35,26-40,7.0,7.0,1.0,0.0,28.0,33.0,3.8,3.7,0.0,2.0,65.0,76.0,16.0,13.0,5.6,5.6,2-3,4-4,0.0,0.0,14.0,17.0,4.0,8.0,1.0,1.0,2-15,3-21
291213003,2009,"December 13, 2009",Chicago Bears,Green Bay Packers,"5-8, 4-3 Home","9-4, 4-2 Away",14,21,,,Final,FOX,0,7,7,0,,10,3,0,8,,14,NFL,14.0,16.0,254.0,315.0,195.0,157.0,59.0,158.0,13-109,4-30,2.0,2.0,28:48,31:12,5-13,5-13,0-1,1-1,23-36,16-24,5.0,5.8,2.0,0.0,17.0,30.0,3.5,5.3,0.0,2.0,56.0,57.0,12.0,12.0,4.5,5.5,2-2,1-4,0.0,0.0,8.0,7.0,5.0,7.0,1.0,2.0,3-14,3-23
291129016,2009,"November 29, 2009",Minnesota Vikings,Chicago Bears,"10-1, 6-0 Home","4-7, 1-5 Away",36,10,,,Final,FOX,0,24,3,9,,0,7,3,0,,12,NFL,31.0,8.0,537.0,169.0,378.0,126.0,159.0,43.0,10-70,6-44,1.0,3.0,40:55,19:05,12-18,2-8,0-0,0-0,32-48,18-23,7.7,4.7,0.0,2.0,34.0,11.0,4.7,3.9,1.0,1.0,83.0,38.0,11.0,10.0,6.5,4.4,4-6,0-1,0.0,0.0,21.0,7.0,8.0,0.0,2.0,1.0,1-14,4-21
291112025,2009,"November 12, 2009",San Francisco 49ers,Chicago Bears,"4-5, 3-2 Home","4-5, 1-4 Away",10,6,,,Final,NFL,0,7,0,3,,0,3,3,0,,10,NFL,12.0,19.0,216.0,350.0,106.0,307.0,110.0,43.0,9-77,10-75,1.0,5.0,31:33,28:27,6-14,8-17,0-1,0-0,16-23,29-52,4.2,5.9,1.0,5.0,28.0,21.0,3.9,2.0,0.0,0.0,53.0,73.0,10.0,12.0,4.1,4.8,1-3,0-2,0.0,0.0,6.0,12.0,5.0,4.0,1.0,3.0,2-12,0-0
291101003,2009,"November 1, 2009",Chicago Bears,Cleveland Browns,"4-3, 3-0 Home","1-7, 1-4 Away",30,6,,,Final,CBS,6,10,7,7,,0,0,6,0,,8,NFL,20.0,9.0,369.0,191.0,199.0,74.0,170.0,117.0,5-35,3-30,1.0,5.0,37:25,22:35,6-16,1-11,0-1,0-1,17-30,7-20,5.9,3.5,1.0,2.0,37.0,29.0,4.6,4.0,0.0,3.0,71.0,50.0,14.0,13.0,5.2,3.8,2-7,1-1,2.0,0.0,10.0,2.0,8.0,7.0,2.0,0.0,4-26,1-11
291018001,2009,"October 18, 2009",Atlanta Falcons,Chicago Bears,"4-1, 3-0 Home","3-2, 1-2 Away",21,14,,,Final,NBC,0,14,0,7,,0,7,0,7,,6,NFL,16.0,21.0,253.0,373.0,185.0,290.0,68.0,83.0,6-70,9-65,2.0,3.0,26:06,33:54,5-12,9-16,0-0,0-1,19-33,27-43,5.6,6.4,2.0,2.0,23.0,23.0,3.0,3.6,0.0,1.0,56.0,68.0,12.0,10.0,4.5,5.5,2-2,1-4,0.0,0.0,10.0,14.0,5.0,5.0,1.0,2.0,0-0,2-10
291004003,2009,"October 4, 2009",Chicago Bears,Detroit Lions,"3-1, 2-0 Home","1-3, 0-2 Away",48,24,,,Final,FOX,7,14,13,14,,14,7,0,3,,4,NFL,14.0,25.0,276.0,398.0,125.0,308.0,151.0,90.0,3-36,7-51,0.0,2.0,23:30,36:30,2-10,7-17,1-1,0-1,18-28,30-47,4.2,5.9,0.0,1.0,20.0,26.0,7.6,3.5,0.0,1.0,50.0,78.0,13.0,13.0,5.5,5.1,4-5,3-4,1.0,0.0,8.0,16.0,6.0,6.0,0.0,3.0,2-16,5-42
290920003,2009,"September 20, 2009",Chicago Bears,Pittsburgh Steelers,"1-1, 1-0 Home","1-1, 0-1 Away",17,14,,,Final,CBS,0,7,0,10,,7,0,7,0,,2,NFL,17.0,21.0,275.0,308.0,231.0,203.0,44.0,105.0,10-80,6-52,0.0,2.0,29:34,30:26,7-14,6-12,0-0,1-1,27-38,23-35,5.8,5.5,0.0,1.0,17.0,22.0,2.6,4.8,0.0,1.0,57.0,59.0,10.0,9.0,4.8,5.2,2-2,2-3,0.0,0.0,13.0,13.0,2.0,7.0,2.0,1.0,2-5,2-18
290822003,2009,"August 22, 2009",Chicago Bears,New York Giants,"1-1, 1-0 Home","1-1, 0-1 Away",17,3,,,Final,,10,7,0,0,,0,3,0,0,,2,NFL,,,,,,,,,,,,,,,,,,,,,,,,,,,,,,,,,,,,,,,,,,,,,,,,
300821003,2010,"August 21, 2010",Chicago Bears,Oakland Raiders,"0-2, 0-1 Home","2-0, 2-0 Away",17,32,,,Final,,6,8,0,3,,10,3,14,5,,2,NFL,,,,,,,,,,,,,,,,,,,,,,,,,,,,,,,,,,,,,,,,,,,,,,,,
301226003,2010,"December 26, 2010",Chicago Bears,New York Jets,"11-4, 5-3 Home","10-5, 6-2 Away",38,34,,,Final,CBS,10,7,21,0,,0,24,7,3,,16,NFL,16.0,24.0,322.0,393.0,202.0,269.0,120.0,124.0,6-31,3-34,1.0,2.0,26:09,33:51,3-9,7-14,0-0,0-1,13-25,24-38,7.5,7.1,1.0,1.0,27.0,30.0,4.4,4.1,0.0,1.0,54.0,68.0,15.0,12.0,6.0,5.8,1-3,2-4,0.0,2.0,8.0,13.0,7.0,11.0,1.0,0.0,2-13,0-0
301212003,2010,"December 12, 2010",Chicago Bears,New England Patriots,"9-4, 4-3 Home","11-2, 5-2 Away",7,36,,,Final,CBS,0,0,7,0,,7,26,3,0,,14,NFL,12.0,27.0,185.0,475.0,138.0,351.0,47.0,124.0,4-30,4-43,4.0,0.0,20:19,39:41,3-8,12-19,0-0,0-1,12-26,27-40,4.9,8.2,2.0,0.0,14.0,35.0,3.4,3.5,2.0,0.0,42.0,78.0,10.0,12.0,4.4,6.1,1-2,3-6,0.0,2.0,8.0,16.0,3.0,11.0,1.0,0.0,2-14,3-18
301128003,2010,"November 28, 2010",Chicago Bears,Philadelphia Eagles,"8-3, 4-2 Home","7-4, 4-2 Away",31,26,,,Final,FOX,14,7,10,0,,3,10,0,13,,12,NFL,18.0,24.0,349.0,398.0,218.0,293.0,131.0,105.0,6-56,3-19,0.0,1.0,28:02,31:58,3-10,4-13,0-0,2-2,14-21,29-44,8.7,6.1,0.0,1.0,28.0,22.0,4.7,4.8,0.0,0.0,53.0,70.0,11.0,11.0,6.6,5.7,3-4,1-5,0.0,0.0,14.0,19.0,3.0,4.0,1.0,1.0,4-29,4-40
300919006,2010,"September 19, 2010",Dallas Cowboys,Chicago Bears,"0-2, 0-1 Home","2-0, 1-0 Away",20,27,,,Final,FOX,7,7,3,3,,10,10,0,7,,2,NFL,23.0,14.0,410.0,308.0,374.0,270.0,36.0,38.0,6-50,2-10,3.0,0.0,33:40,26:20,6-13,1-11,0-0,1-1,34-51,21-29,7.3,9.0,2.0,0.0,20.0,19.0,1.8,2.0,1.0,0.0,71.0,49.0,12.0,12.0,5.8,6.3,1-2,2-3,1.0,0.0,17.0,10.0,6.0,3.0,0.0,1.0,0-0,1-7
301017003,2010,"October 17, 2010",Chicago Bears,Seattle Seahawks,"4-2, 2-1 Home","3-2, 1-2 Away",20,23,,,Final,FOX,7,6,0,7,,7,7,2,7,,6,NFL,15.0,20.0,307.0,353.0,246.0,242.0,61.0,111.0,2-18,5-83,0.0,0.0,25:37,34:23,0-12,7-18,1-1,0-0,17-39,25-40,5.5,6.1,0.0,0.0,14.0,31.0,4.4,3.6,0.0,0.0,59.0,71.0,14.0,15.0,5.2,5.0,1-3,2-2,1.0,0.0,11.0,14.0,3.0,6.0,1.0,0.0,6-44,0-0
301003019,2010,"October 3, 2010",New York Giants,Chicago Bears,"2-2, 2-1 Home","3-1, 1-1 Away",17,3,,,Final,NBC,3,0,7,7,,0,0,0,3,,4,NFL,18.0,6.0,372.0,110.0,183.0,51.0,189.0,59.0,6-44,8-40,3.0,3.0,33:25,26:35,3-12,0-13,0-0,0-1,18-30,15-26,5.7,1.4,0.0,2.0,32.0,16.0,5.9,3.7,3.0,1.0,64.0,52.0,15.0,15.0,5.8,2.1,2-4,0-0,0.0,0.0,7.0,3.0,11.0,2.0,0.0,1.0,2-12,10-63
310116003,2010,"January 16, 2011",Chicago Bears,Seattle Seahawks,"11-5, 5-3 Home","7-9, 2-6 Away",35,24,,,Final,FOX,14,7,7,7,,0,0,3,21,,DIV,NFL,21.0,18.0,437.0,276.0,261.0,242.0,176.0,34.0,8-71,3-20,1.0,0.0,37:10,22:50,10-18,3-14,1-2,0-0,15-29,26-46,8.2,5.0,1.0,0.0,45.0,12.0,3.9,2.8,0.0,0.0,77.0,60.0,14.0,13.0,5.7,4.6,3-3,3-4,0.0,0.0,10.0,14.0,11.0,1.0,0.0,3.0,3-13,2-16
301114003,2010,"November 14, 2010",Chicago Bears,Minnesota Vikings,"6-3, 3-2 Home","3-6, 0-5 Away",27,13,,,Final,FOX,0,14,6,7,,3,7,3,0,,10,NFL,18.0,15.0,360.0,240.0,230.0,170.0,130.0,70.0,11-116,2-19,2.0,4.0,34:39,25:21,11-19,1-9,0-0,0-0,22-35,18-31,6.2,5.3,2.0,3.0,37.0,22.0,3.5,3.2,0.0,1.0,74.0,54.0,13.0,13.0,4.9,4.4,3-5,0-3,0.0,0.0,13.0,6.0,5.0,6.0,0.0,3.0,2-7,1-0
300912003,2010,"September 12, 2010",Chicago Bears,Detroit Lions,"1-0, 1-0 Home","0-1, 0-1 Away",19,14,,,Final,FOX,3,10,0,6,,7,7,0,0,,1,NFL,23.0,13.0,463.0,168.0,362.0,148.0,101.0,20.0,9-100,7-40,4.0,3.0,34:42,25:18,6-14,4-14,0-1,0-1,23-35,20-34,9.3,4.1,1.0,1.0,31.0,21.0,3.3,1.0,3.0,2.0,70.0,57.0,16.0,14.0,6.6,2.9,1-5,2-2,0.0,0.0,15.0,9.0,4.0,3.0,4.0,1.0,4-10,2-23
300927003,2010,"September 27, 2010",Chicago Bears,Green Bay Packers,"3-0, 2-0 Home","2-1, 1-1 Away",20,17,,,Final,ESPN,0,7,0,13,,7,3,0,7,,3,NFL,18.0,21.0,276.0,379.0,199.0,316.0,77.0,63.0,5-38,18-152,1.0,2.0,24:11,35:49,3-9,4-10,0-1,0-0,16-27,34-45,6.6,7.0,1.0,1.0,18.0,15.0,4.3,4.2,0.0,1.0,48.0,60.0,10.0,9.0,5.8,6.3,1-4,1-3,1.0,0.0,11.0,16.0,2.0,4.0,5.0,1.0,3-22,0-0
301010029,2010,"October 10, 2010",Carolina Panthers,Chicago Bears,"0-5, 0-3 Home","4-1, 2-1 Away",6,23,,,Final,FOX,3,0,3,0,,17,0,0,6,,5,NFL,8.0,13.0,147.0,247.0,62.0,29.0,85.0,218.0,7-53,5-45,3.0,4.0,29:41,30:19,3-18,3-15,1-1,0-0,14-32,8-19,1.7,1.3,3.0,4.0,25.0,42.0,3.4,5.2,0.0,0.0,62.0,64.0,15.0,17.0,2.4,3.9,0-1,1-3,0.0,0.0,4.0,2.0,3.0,10.0,1.0,1.0,5-34,3-22
310102009,2010,"January 2, 2011",Green Bay Packers,Chicago Bears,"10-6, 7-1 Home","11-5, 6-2 Away",10,3,,,Final,FOX,0,0,3,7,,0,3,0,0,,17,NFL,14.0,13.0,284.0,227.0,224.0,117.0,60.0,110.0,4-30,6-46,2.0,2.0,29:20,30:40,2-11,5-16,0-0,0-1,19-28,21-39,7.5,2.6,1.0,2.0,23.0,20.0,2.6,5.5,1.0,0.0,53.0,65.0,13.0,13.0,5.4,3.5,1-2,0-2,0.0,0.0,9.0,8.0,3.0,5.0,2.0,0.0,2-5,6-51
310123003,2010,"January 23, 2011",Chicago Bears,Green Bay Packers,"11-5, 5-3 Home","10-6, 3-5 Away",14,21,,,Final,FOX,0,0,0,14,,7,7,0,7,,CONF,NFL,17.0,23.0,301.0,356.0,218.0,236.0,83.0,120.0,9-89,6-40,3.0,2.0,25:56,34:04,1-13,2-11,1-2,0-0,19-38,17-30,5.5,7.6,3.0,2.0,24.0,32.0,3.5,3.8,0.0,0.0,64.0,63.0,14.0,14.0,4.7,5.7,1-1,2-3,0.0,2.0,11.0,11.0,5.0,9.0,1.0,3.0,2-15,1-8
300828003,2010,"August 28, 2010",Chicago Bears,Arizona Cardinals,"0-3, 0-2 Home","2-1, 1-1 Away",9,14,,,Final,,0,0,0,9,,0,7,7,0,,3,NFL,,,,,,,,,,,,,,,,,,,,,,,,,,,,,,,,,,,,,,,,,,,,,,,,
300814024,2010,"August 14, 2010",San Diego Chargers,Chicago Bears,"1-0, 1-0 Home","0-1, 0-1 Away",25,10,,,Final,,7,7,8,3,,3,7,0,0,,1,NFL,,,,,,,,,,,,,,,,,,,,,,,,,,,,,,,,,,,,,,,,,,,,,,,,
300902005,2010,"September 2, 2010",Cleveland Browns,Chicago Bears,"2-2, 1-1 Home","0-4, 0-2 Away",13,10,,,Final,,7,3,0,3,,7,3,0,0,,4,NFL,,,,,,,,,,,,,,,,,,,,,,,,,,,,,,,,,,,,,,,,,,,,,,,,
301205008,2010,"December 5, 2010",Detroit Lions,Chicago Bears,"2-10, 2-4 Home","9-3, 5-1 Away",20,24,,,Final,FOX,7,10,3,0,,7,7,3,7,,13,NFL,14.0,23.0,302.0,311.0,168.0,197.0,134.0,114.0,6-42,4-25,0.0,1.0,26:41,33:19,6-14,5-9,1-2,0-0,16-24,21-26,6.5,6.6,0.0,0.0,27.0,28.0,5.0,4.1,0.0,1.0,53.0,58.0,9.0,10.0,5.7,5.4,1-2,3-3,0.0,0.0,8.0,15.0,6.0,6.0,0.0,2.0,2-10,4-37
301118015,2010,"November 18, 2010",Miami Dolphins,Chicago Bears,"5-5, 1-4 Home","7-3, 4-1 Away",0,16,,,Final,NFL,0,0,0,0,,3,3,10,0,,11,NFL,10.0,19.0,187.0,268.0,148.0,133.0,39.0,135.0,5-45,5-45,1.0,1.0,22:09,37:51,1-11,10-18,1-2,0-0,17-29,16-25,4.2,4.8,1.0,1.0,13.0,40.0,3.0,3.4,0.0,0.0,48.0,68.0,10.0,10.0,3.9,3.9,0-0,1-2,0.0,0.0,9.0,11.0,1.0,7.0,0.0,1.0,6-39,3-23
301107002,2010,"November 7, 2010",Buffalo Bills,Chicago Bears,"0-8, 0-4 Home","5-3, 3-1 Away",19,22,,,Final,FOX,0,7,6,6,,0,7,7,8,,9,NFL,22.0,19.0,340.0,283.0,294.0,178.0,46.0,105.0,4-33,7-45,3.0,1.0,28:47,31:13,10-16,7-12,1-2,0-0,31-51,17-30,5.7,5.7,2.0,0.0,18.0,31.0,2.6,3.4,1.0,1.0,70.0,62.0,10.0,11.0,4.9,4.6,3-3,3-3,0.0,0.0,16.0,11.0,5.0,6.0,1.0,2.0,1-5,1-10
301024003,2010,"October 24, 2010",Chicago Bears,Washington Redskins,"4-3, 2-2 Home","4-3, 2-1 Away",14,17,,,Final,FOX,7,7,0,0,,7,3,7,0,,7,NFL,19.0,13.0,322.0,308.0,256.0,187.0,66.0,121.0,6-51,7-48,6.0,3.0,30:48,29:12,2-10,2-13,0-0,0-0,26-40,17-32,5.8,5.5,4.0,2.0,16.0,28.0,4.1,4.3,2.0,1.0,60.0,62.0,14.0,15.0,5.4,5.0,1-3,0-1,2.0,2.0,14.0,9.0,4.0,4.0,1.0,0.0,4-25,2-13
301220016,2010,"December 20, 2010",Minnesota Vikings,Chicago Bears,"5-9, 4-4 Home","10-4, 6-1 Away",14,40,,,Final,ESPN,7,0,7,0,,10,7,20,3,,15,NFL,16.0,17.0,273.0,293.0,159.0,189.0,114.0,104.0,6-55,5-72,5.0,1.0,28:30,31:30,3-11,2-10,0-1,0-1,20-33,14-24,4.3,7.6,3.0,1.0,24.0,33.0,4.8,3.2,2.0,0.0,61.0,58.0,14.0,14.0,4.5,5.1,1-3,2-6,0.0,1.0,11.0,9.0,4.0,6.0,1.0,2.0,4-33,1-5
310827010,2011,"August 27, 2011",Tennessee Titans,Chicago Bears,"2-1, 2-0 Home","1-2, 0-2 Away",14,13,,,Final,,0,7,7,0,,7,3,0,3,,3,NFL,,,,,,,,,,,,,,,,,,,,,,,,,,,,,,,,,,,,,,,,,,,,,,,,
311002003,2011,"October 2, 2011",Chicago Bears,Carolina Panthers,"2-2, 2-1 Home","1-3, 0-2 Away",34,29,,,Final,FOX,10,14,0,10,,3,17,0,9,,4,NFL,15.0,24.0,317.0,543.0,93.0,374.0,224.0,169.0,5-45,8-52,1.0,1.0,26:31,33:29,3-10,2-12,1-1,1-2,9-17,27-46,5.2,8.1,1.0,1.0,31.0,26.0,7.2,6.5,0.0,0.0,49.0,72.0,10.0,14.0,6.5,7.5,2-4,3-5,3.0,0.0,5.0,14.0,9.0,9.0,1.0,1.0,1-9,0-0
311016003,2011,"October 16, 2011",Chicago Bears,Minnesota Vikings,"3-3, 3-1 Home","1-5, 0-3 Away",39,10,,,Final,NBC,16,10,10,3,,0,3,7,0,,6,NFL,22.0,15.0,377.0,286.0,258.0,233.0,119.0,53.0,3-15,5-40,1.0,0.0,30:40,29:20,4-11,6-15,0-0,0-2,21-31,28-42,8.1,5.0,0.0,0.0,28.0,17.0,4.3,3.1,1.0,0.0,60.0,64.0,12.0,12.0,6.3,4.5,2-4,1-3,1.0,0.0,11.0,12.0,9.0,3.0,2.0,0.0,1-9,5-43
311113003,2011,"November 13, 2011",Chicago Bears,Detroit Lions,"6-3, 4-1 Home","6-3, 4-1 Away",37,13,,,Final,FOX,10,10,17,0,,0,6,0,7,,10,NFL,12.0,22.0,216.0,393.0,107.0,313.0,109.0,80.0,4-37,4-53,1.0,6.0,29:06,30:54,3-13,4-17,1-1,1-2,9-20,33-63,4.9,4.8,0.0,4.0,35.0,19.0,3.1,4.2,1.0,2.0,57.0,84.0,14.0,16.0,3.8,4.7,1-2,1-6,5.0,0.0,5.0,17.0,4.0,4.0,3.0,1.0,2-16,2-16
311127013,2011,"November 27, 2011",Oakland Raiders,Chicago Bears,"7-4, 3-3 Home","7-4, 2-3 Away",25,20,,,Final,FOX,6,6,6,7,,0,7,0,13,,12,NFL,17.0,18.0,341.0,401.0,268.0,229.0,73.0,172.0,6-44,7-61,1.0,3.0,30:02,29:58,3-15,6-14,1-1,0-0,21-37,18-36,6.5,5.7,1.0,3.0,27.0,27.0,2.7,6.4,0.0,0.0,68.0,67.0,14.0,13.0,5.0,6.0,1-5,1-2,0.0,0.0,12.0,10.0,5.0,8.0,0.0,0.0,4-33,4-25
311225009,2011,"December 25, 2011",Green Bay Packers,Chicago Bears,"14-1, 7-0 Home","7-8, 2-5 Away",35,21,,,Final,NBC,7,7,14,7,,0,3,7,11,,16,NFL,19.0,24.0,363.0,441.0,282.0,242.0,81.0,199.0,0-0,6-28,0.0,2.0,24:12,35:48,5-9,6-12,0-0,0-0,21-29,19-28,9.4,8.6,0.0,2.0,21.0,42.0,3.9,4.7,0.0,0.0,51.0,70.0,10.0,10.0,7.1,6.3,4-4,2-4,0.0,1.0,15.0,13.0,3.0,11.0,1.0,0.0,1-1,0-0
310813003,2011,"August 13, 2011",Chicago Bears,Buffalo Bills,"1-0, 1-0 Home","0-1, 0-1 Away",10,3,,,Final,,0,7,0,3,,3,0,0,0,,1,NFL,,,,,,,,,,,,,,,,,,,,,,,,,,,,,,,,,,,,,,,,,,,,,,,,
310911003,2011,"September 11, 2011",Chicago Bears,Atlanta Falcons,"1-0, 1-0 Home","0-1, 0-1 Away",30,12,,,Final,FOX,10,6,14,0,,3,0,3,6,,1,NFL,17.0,20.0,377.0,386.0,289.0,276.0,88.0,110.0,8-56,9-65,1.0,3.0,33:19,26:41,6-16,4-13,0-0,0-1,22-32,31-47,7.8,5.3,1.0,1.0,27.0,14.0,3.3,7.9,0.0,2.0,64.0,66.0,12.0,14.0,5.9,5.8,1-4,0-2,2.0,2.0,11.0,14.0,4.0,3.0,2.0,3.0,5-23,5-43
311211007,2011,"December 11, 2011",Denver Broncos,Chicago Bears,"8-5, 3-3 Home","7-6, 2-4 Away",13,10,,,Final/OT,FOX,0,0,0,10,3.0,0,0,7,3,0.0,14,NFL,20.0,12.0,345.0,245.0,221.0,86.0,124.0,159.0,4-28,8-69,2.0,1.0,34:39,31:47,5-17,2-15,0-0,0-0,21-40,12-19,4.9,3.7,1.0,0.0,34.0,38.0,3.6,4.2,1.0,1.0,79.0,61.0,15.0,14.0,4.4,4.0,1-2,1-1,0.0,0.0,13.0,5.0,5.0,7.0,2.0,0.0,5-15,4-29
311010008,2011,"October 10, 2011",Detroit Lions,Chicago Bears,"5-0, 2-0 Home","2-3, 0-2 Away",24,13,,,Final,ESPN,0,7,14,3,,0,10,0,3,,5,NFL,16.0,23.0,395.0,359.0,214.0,237.0,181.0,122.0,12-94,14-104,1.0,0.0,20:57,39:03,5-11,4-13,0-0,0-1,19-26,28-38,7.9,5.8,1.0,0.0,20.0,25.0,9.1,4.9,0.0,0.0,47.0,66.0,10.0,11.0,8.4,5.4,1-2,1-2,0.0,0.0,9.0,14.0,5.0,5.0,2.0,4.0,1-5,3-12
310901003,2011,"September 1, 2011",Chicago Bears,Cleveland Browns,"2-2, 2-0 Home","1-3, 0-2 Away",24,14,,,Final,,10,7,0,7,,0,7,0,7,,4,NFL,,,,,,,,,,,,,,,,,,,,,,,,,,,,,,,,,,,,,,,,,,,,,,,,
310925003,2011,"September 25, 2011",Chicago Bears,Green Bay Packers,"1-2, 1-1 Home","3-0, 2-0 Away",17,27,,,Final,FOX,0,10,0,7,,7,10,3,7,,3,NFL,12.0,24.0,291.0,392.0,278.0,292.0,13.0,100.0,10-70,7-35,2.0,2.0,22:31,37:29,3-12,5-13,0-1,0-0,21-37,28-38,7.0,7.3,2.0,1.0,12.0,29.0,1.1,3.4,0.0,1.0,52.0,69.0,15.0,13.0,5.6,5.7,1-2,3-5,0.0,0.0,11.0,17.0,1.0,6.0,0.0,1.0,3-24,2-5
320101016,2011,"January 1, 2012",Minnesota Vikings,Chicago Bears,"3-13, 1-7 Home","8-8, 3-5 Away",13,17,,,Final,FOX,10,3,0,0,,0,14,0,3,,17,NFL,16.0,10.0,301.0,209.0,222.0,117.0,79.0,92.0,5-38,4-20,3.0,3.0,31:14,28:46,3-15,5-13,1-2,0-0,21-42,15-25,5.0,3.7,3.0,1.0,27.0,25.0,2.9,3.7,0.0,2.0,71.0,57.0,14.0,14.0,4.2,3.7,1-3,0-1,0.0,2.0,9.0,5.0,7.0,5.0,0.0,0.0,2-6,7-43
310822019,2011,"August 22, 2011",New York Giants,Chicago Bears,"1-1, 1-0 Home","1-1, 0-1 Away",41,13,,,Final,ESPN,3,17,7,14,,3,3,0,7,,2,NFL,,,,,,,,,,,,,,,,,,,,,,,,,,,,,,,,,,,,,,,,,,,,,,,,
311218003,2011,"December 18, 2011",Chicago Bears,Seattle Seahawks,"7-7, 5-3 Home","7-7, 3-4 Away",14,38,,,Final,FOX,7,7,0,0,,7,0,17,14,,15,NFL,13.0,18.0,221.0,286.0,89.0,226.0,132.0,60.0,5-45,6-36,5.0,1.0,28:23,31:37,3-10,6-16,0-0,0-2,11-25,19-31,3.1,7.1,4.0,0.0,31.0,33.0,4.3,1.8,1.0,1.0,60.0,65.0,15.0,12.0,3.7,4.4,0-0,3-4,2.0,4.0,6.0,11.0,7.0,5.0,0.0,2.0,4-34,1-1
310918018,2011,"September 18, 2011",New Orleans Saints,Chicago Bears,"1-1, 1-0 Home","1-1, 0-1 Away",30,13,,,Final,FOX,3,13,7,7,,7,3,3,0,,2,NFL,16.0,18.0,382.0,246.0,264.0,186.0,118.0,60.0,7-41,6-47,1.0,1.0,36:14,23:46,8-17,2-12,1-1,0-1,26-37,19-45,6.9,3.6,0.0,0.0,29.0,12.0,4.1,5.0,1.0,1.0,67.0,63.0,13.0,14.0,5.7,3.9,2-4,1-1,0.0,0.0,11.0,14.0,5.0,2.0,0.0,2.0,1-6,6-58
311023027,2011,"October 23, 2011",Tampa Bay Buccaneers,Chicago Bears,"4-3, 3-2 Home","4-3, 1-2 Away",18,24,,,Final,FOX,2,3,0,13,,7,7,7,3,,7,NFL,16.0,19.0,280.0,395.0,250.0,218.0,30.0,177.0,8-69,7-54,4.0,2.0,26:48,33:12,4-14,4-13,0-0,0-0,29-52,17-32,4.7,6.4,4.0,2.0,11.0,33.0,2.7,5.4,0.0,0.0,64.0,67.0,16.0,15.0,4.4,5.9,1-4,1-2,0.0,0.0,13.0,9.0,2.0,8.0,1.0,2.0,1-14,2-8
311120003,2011,"November 20, 2011",Chicago Bears,San Diego Chargers,"7-3, 5-1 Home","4-6, 1-4 Away",31,20,,,Final,CBS,3,14,14,0,,3,7,7,3,,11,NFL,23.0,15.0,378.0,332.0,286.0,280.0,92.0,52.0,6-61,3-20,1.0,3.0,33:10,26:50,8-14,5-11,0-1,0-0,18-32,21-31,8.9,9.0,1.0,2.0,32.0,17.0,2.9,3.1,0.0,1.0,64.0,48.0,11.0,11.0,5.9,6.9,3-3,2-4,0.0,0.0,15.0,13.0,7.0,1.0,1.0,1.0,0-0,0-0
311107021,2011,"November 7, 2011",Philadelphia Eagles,Chicago Bears,"3-5, 1-3 Home","5-3, 2-2 Away",24,30,,,Final,ESPN,0,10,14,0,,7,10,3,10,,9,NFL,20.0,22.0,330.0,372.0,211.0,208.0,119.0,164.0,6-44,6-53,2.0,2.0,26:33,33:27,8-14,7-14,1-3,0-0,21-39,18-32,5.3,6.5,1.0,0.0,23.0,34.0,5.2,4.8,1.0,2.0,63.0,66.0,10.0,11.0,5.2,5.6,1-2,3-4,2.0,0.0,12.0,11.0,7.0,7.0,1.0,4.0,1-2,0-0
311204003,2011,"December 4, 2011",Chicago Bears,Kansas City Chiefs,"7-5, 5-2 Home","5-7, 3-3 Away",3,10,,,Final,CBS,0,3,0,0,,0,7,3,0,,13,NFL,11.0,13.0,181.0,252.0,88.0,139.0,93.0,113.0,5-35,8-60,3.0,1.0,27:18,32:42,0-11,7-20,0-2,1-1,11-24,17-31,2.8,4.2,3.0,0.0,24.0,37.0,3.9,3.1,0.0,1.0,55.0,70.0,13.0,14.0,3.3,3.6,0-3,0-1,0.0,0.0,8.0,7.0,3.0,5.0,0.0,1.0,7-45,2-18
320830005,2012,"August 30, 2012",Cleveland Browns,Chicago Bears,"2-2, 0-2 Home","3-1, 2-0 Away",20,28,,,Final,,0,7,3,10,,7,7,14,0,,4,NFL,,,,,,,,,,,,,,,,,,,,,,,,,,,,,,,,,,,,,,,,,,,,,,,,
320824019,2012,"August 24, 2012",New York Giants,Chicago Bears,"1-2, 0-1 Home","2-1, 1-0 Away",17,20,,,Final,CBS,3,14,0,0,,7,0,6,7,,3,NFL,,,,,,,,,,,,,,,,,,,,,,,,,,,,,,,,,,,,,,,,,,,,,,,,
320809003,2012,"August 9, 2012",Chicago Bears,Denver Broncos,"0-1, 0-1 Home","1-0, 1-0 Away",3,31,,,Final,,0,0,0,3,,3,7,14,7,,1,NFL,,,,,,,,,,,,,,,,,,,,,,,,,,,,,,,,,,,,,,,,,,,,,,,,
321216003,2012,"December 16, 2012",Chicago Bears,Green Bay Packers,"8-6, 5-3 Home","10-4, 4-3 Away",13,21,,,Final,FOX,0,7,3,3,,0,14,7,0,,15,NFL,12.0,20.0,190.0,391.0,107.0,278.0,83.0,113.0,10-91,8-104,1.0,2.0,26:37,33:23,0-9,7-17,0-1,2-2,12-21,23-36,4.3,7.1,1.0,0.0,23.0,32.0,3.6,3.5,0.0,2.0,48.0,71.0,12.0,11.0,4.0,5.5,0-0,0-0,0.0,0.0,6.0,14.0,3.0,3.0,3.0,3.0,4-28,3-13
321202003,2012,"December 2, 2012",Chicago Bears,Seattle Seahawks,"8-4, 5-2 Home","7-5, 2-5 Away",17,23,,,Final/OT,FOX,7,0,7,3,0.0,0,10,0,7,6.0,13,NFL,22.0,25.0,365.0,459.0,233.0,283.0,132.0,176.0,5-45,8-55,0.0,1.0,32:52,34:35,6-12,8-15,0-1,1-1,17-26,23-37,9.0,7.3,0.0,0.0,33.0,32.0,4.0,5.5,0.0,1.0,59.0,71.0,9.0,11.0,6.2,6.5,0-0,0-0,0.0,0.0,11.0,13.0,7.0,11.0,4.0,1.0,0-0,2-10
321119025,2012,"November 19, 2012",San Francisco 49ers,Chicago Bears,"7-2-1, 4-1-1 Home","7-3, 3-2 Away",32,7,,,Final,ESPN,10,10,7,5,,0,0,7,0,,11,NFL,18.0,12.0,353.0,143.0,232.0,58.0,121.0,85.0,5-50,6-55,0.0,2.0,30:05,29:55,4-12,3-12,0-0,0-1,16-23,14-22,9.3,2.1,0.0,2.0,29.0,28.0,4.2,3.0,0.0,0.0,54.0,56.0,11.0,11.0,6.5,2.6,0-0,0-0,0.0,0.0,9.0,5.0,6.0,6.0,3.0,1.0,2-11,6-49
321104010,2012,"November 4, 2012",Tennessee Titans,Chicago Bears,"3-6, 2-3 Home","7-1, 3-1 Away",20,51,,,Final,FOX,2,3,7,8,,28,3,6,14,,9,NFL,12.0,21.0,339.0,365.0,180.0,205.0,159.0,160.0,9-68,5-37,5.0,1.0,22:59,37:01,3-12,6-14,0-1,0-1,20-35,19-26,4.9,7.1,1.0,0.0,18.0,36.0,8.8,4.4,4.0,1.0,55.0,65.0,17.0,14.0,6.2,5.6,0-0,0-0,0.0,3.0,8.0,10.0,4.0,9.0,0.0,2.0,2-20,3-24
321022003,2012,"October 22, 2012",Chicago Bears,Detroit Lions,"5-1, 3-0 Home","2-4, 1-3 Away",13,7,,,Final,ESPN,10,0,3,0,,0,0,0,7,,7,NFL,19.0,21.0,296.0,340.0,125.0,243.0,171.0,97.0,9-49,5-47,0.0,4.0,34:35,25:25,6-17,4-13,0-0,0-1,17-32,28-46,3.4,5.0,0.0,1.0,32.0,18.0,5.3,5.4,0.0,3.0,69.0,67.0,13.0,12.0,4.3,5.1,0-0,0-0,0.0,0.0,9.0,16.0,7.0,4.0,3.0,1.0,5-25,3-20
321230008,2012,"December 30, 2012",Detroit Lions,Chicago Bears,"4-12, 2-6 Home","10-6, 5-3 Away",24,26,,,Final,FOX,3,7,7,7,,10,10,3,3,,17,NFL,20.0,19.0,327.0,389.0,255.0,245.0,72.0,144.0,4-29,3-35,4.0,0.0,25:51,34:09,7-14,4-15,0-0,0-0,24-42,18-31,5.9,7.4,1.0,0.0,20.0,35.0,3.6,4.1,3.0,0.0,63.0,68.0,12.0,14.0,5.2,5.7,0-0,0-0,0.0,0.0,15.0,8.0,4.0,10.0,1.0,1.0,1-17,2-12
320923003,2012,"September 23, 2012",Chicago Bears,St. Louis Rams,"2-1, 2-0 Home","1-2, 0-2 Away",23,6,,,Final,FOX,3,7,0,13,,0,3,3,0,,3,NFL,20.0,12.0,274.0,160.0,171.0,101.0,103.0,59.0,6-45,4-40,1.0,2.0,33:56,26:04,4-14,3-13,1-1,0-1,17-31,18-35,5.2,2.5,1.0,2.0,34.0,17.0,3.0,3.5,0.0,0.0,67.0,58.0,11.0,11.0,4.1,2.8,0-0,0-0,2.0,0.0,10.0,6.0,8.0,5.0,2.0,1.0,2-12,6-51
320909003,2012,"September 9, 2012",Chicago Bears,Indianapolis Colts,"1-0, 1-0 Home","0-1, 0-1 Away",41,21,,,Final,CBS,7,17,10,7,,7,7,0,7,,1,NFL,26.0,22.0,428.0,356.0,314.0,293.0,114.0,63.0,7-48,3-19,1.0,5.0,35:28,24:32,4-12,2-10,0-0,2-2,21-35,23-45,8.5,6.1,1.0,3.0,33.0,15.0,3.5,4.2,0.0,2.0,70.0,63.0,15.0,12.0,6.1,5.7,0-0,0-0,0.0,2.0,15.0,16.0,8.0,4.0,3.0,2.0,2-19,3-16
321223022,2012,"December 23, 2012",Arizona Cardinals,Chicago Bears,"5-10, 4-4 Home","9-6, 4-3 Away",13,28,,,Final,FOX,3,3,0,7,,7,14,7,0,,16,NFL,15.0,15.0,248.0,297.0,219.0,145.0,29.0,152.0,4-25,2-12,3.0,1.0,31:55,28:05,3-15,3-13,1-2,0-0,28-49,12-26,4.1,5.4,2.0,0.0,19.0,33.0,1.5,4.6,1.0,1.0,72.0,60.0,14.0,13.0,3.4,5.0,0-0,0-0,1.0,4.0,14.0,6.0,0.0,8.0,1.0,1.0,4-27,1-1
321209016,2012,"December 9, 2012",Minnesota Vikings,Chicago Bears,"7-6, 6-1 Home","8-5, 3-3 Away",21,14,,,Final,FOX,14,0,7,0,,0,7,0,7,,14,NFL,17.0,22.0,248.0,438.0,77.0,320.0,171.0,118.0,7-54,10-80,1.0,2.0,28:18,31:42,6-14,7-17,0-0,1-2,11-17,28-53,4.3,5.8,1.0,2.0,38.0,18.0,4.5,6.6,0.0,0.0,56.0,73.0,11.0,12.0,4.4,6.0,0-0,0-0,2.0,0.0,7.0,16.0,8.0,4.0,2.0,2.0,1-14,2-4
321125003,2012,"November 25, 2012",Chicago Bears,Minnesota Vikings,"8-3, 5-1 Home","6-5, 1-4 Away",28,10,,,Final,FOX,10,15,3,0,,3,0,7,0,,12,NFL,23.0,15.0,296.0,258.0,183.0,144.0,113.0,114.0,5-55,3-44,2.0,3.0,37:30,22:30,11-19,6-16,1-1,1-3,23-31,22-43,5.7,3.2,1.0,1.0,39.0,20.0,2.9,5.7,1.0,2.0,71.0,65.0,13.0,12.0,4.2,4.0,0-0,0-0,0.0,0.0,13.0,10.0,7.0,3.0,3.0,2.0,1-5,2-15
321111003,2012,"November 11, 2012",Chicago Bears,Houston Texans,"7-2, 4-1 Home","8-1, 4-0 Away",6,13,,,Final,NBC,0,3,3,0,,3,7,0,3,,10,NFL,8.0,13.0,249.0,215.0,134.0,88.0,115.0,127.0,5-49,3-35,4.0,2.0,28:52,31:08,2-13,3-14,0-2,0-0,18-33,14-26,4.1,3.3,2.0,2.0,23.0,35.0,5.0,3.6,2.0,0.0,56.0,62.0,13.0,14.0,4.4,3.5,0-0,0-0,0.0,0.0,4.0,6.0,4.0,6.0,0.0,1.0,0-0,1-7
321028003,2012,"October 28, 2012",Chicago Bears,Carolina Panthers,"6-1, 4-0 Home","1-6, 0-3 Away",23,22,,,Final,FOX,7,0,0,16,,3,10,6,3,,8,NFL,18.0,21.0,210.0,416.0,131.0,297.0,79.0,119.0,5-40,3-21,3.0,2.0,23:22,36:38,2-8,10-19,0-0,1-1,19-28,20-39,3.9,7.2,1.0,2.0,19.0,36.0,4.2,3.3,2.0,0.0,53.0,77.0,12.0,12.0,4.0,5.4,0-0,0-0,2.0,1.0,13.0,12.0,3.0,6.0,2.0,3.0,6-55,2-17
321007030,2012,"October 7, 2012",Jacksonville Jaguars,Chicago Bears,"1-4, 0-3 Home","4-1, 2-1 Away",3,41,,,Final,FOX,0,3,0,0,,3,0,10,28,,5,NFL,10.0,26.0,189.0,501.0,129.0,287.0,60.0,214.0,6-49,12-80,3.0,1.0,24:00,36:00,5-13,10-17,0-0,1-1,17-33,23-39,3.6,7.2,2.0,1.0,17.0,33.0,3.5,6.5,1.0,0.0,53.0,73.0,12.0,9.0,3.6,6.9,0-0,0-0,0.0,4.0,5.0,16.0,3.0,9.0,2.0,1.0,3-13,1-5
320818003,2012,"August 18, 2012",Chicago Bears,Washington Redskins,"1-1, 1-1 Home","1-1, 1-1 Away",33,31,,,Final,,14,6,10,3,,0,10,0,21,,2,NFL,,,,,,,,,,,,,,,,,,,,,,,,,,,,,,,,,,,,,,,,,,,,,,,,
321001006,2012,"October 1, 2012",Dallas Cowboys,Chicago Bears,"2-2, 1-1 Home","3-1, 1-1 Away",18,34,,,Final,ESPN,0,7,3,8,,0,10,14,10,,4,NFL,26.0,18.0,430.0,360.0,389.0,267.0,41.0,93.0,2-10,4-25,5.0,1.0,29:10,30:50,3-9,7-12,1-1,0-0,40-53,18-24,7.2,10.3,5.0,0.0,14.0,28.0,2.9,3.3,0.0,1.0,68.0,54.0,11.0,10.0,6.3,6.7,0-0,0-0,0.0,4.0,24.0,14.0,2.0,3.0,0.0,1.0,1-7,2-8
320913009,2012,"September 13, 2012",Green Bay Packers,Chicago Bears,"1-1, 1-1 Home","1-1, 0-1 Away",23,10,,,Final,NFL,0,13,0,10,,0,0,3,7,,2,NFL,19.0,11.0,321.0,168.0,215.0,74.0,106.0,94.0,4-54,8-65,2.0,4.0,32:11,27:49,4-14,5-15,1-1,1-2,23-33,11-27,5.7,2.2,1.0,4.0,28.0,23.0,3.8,4.1,1.0,0.0,66.0,57.0,14.0,12.0,4.9,2.9,0-0,0-0,0.0,0.0,11.0,7.0,6.0,3.0,2.0,1.0,5-31,7-52
330929008,2013,"September 29, 2013",Detroit Lions,Chicago Bears,"3-1, 2-0 Home","3-1, 1-1 Away",40,32,,,Final,FOX,3,27,7,3,,3,10,3,16,,4,NFL,23.0,18.0,387.0,417.0,228.0,286.0,159.0,131.0,3-25,4-30,3.0,4.0,31:49,28:11,2-10,1-13,0-0,2-2,23-35,27-47,6.3,5.7,1.0,3.0,30.0,16.0,5.3,8.2,2.0,1.0,66.0,66.0,14.0,16.0,5.9,6.3,2-5,2-5,2.0,0.0,13.0,13.0,10.0,4.0,0.0,1.0,1-14,3-31
331229003,2013,"December 29, 2013",Chicago Bears,Green Bay Packers,"8-8, 5-3 Home","8-7-1, 4-4 Away",28,33,,,Final,FOX,7,0,14,7,,0,13,7,13,,17,NFL,17.0,25.0,345.0,473.0,224.0,313.0,121.0,160.0,5-40,1-15,2.0,2.0,24:51,35:09,5-10,9-18,0-0,3-3,15-24,25-39,9.0,7.5,1.0,2.0,24.0,34.0,5.0,4.7,1.0,0.0,49.0,76.0,10.0,11.0,7.0,6.2,4-4,4-7,0.0,1.0,8.0,14.0,9.0,9.0,0.0,2.0,1-2,3-5
330829003,2013,"August 29, 2013",Chicago Bears,Cleveland Browns,"2-2, 1-1 Home","3-1, 1-1 Away",16,18,,,Final,,3,7,3,3,,0,3,6,9,,4,NFL,,,,,,,,,,,,,,,,,,,,,,,,,,,,,,,,,,,,,,,,,,,,,,,,
330823013,2013,"August 23, 2013",Oakland Raiders,Chicago Bears,"1-2, 1-1 Home","2-1, 1-1 Away",26,34,,,Final,,0,3,17,6,,17,10,0,7,,3,NFL,,,,,,,,,,,,,,,,,,,,,,,,,,,,,,,,,,,,,,,,,,,,,,,,
330809029,2013,"August 9, 2013",Carolina Panthers,Chicago Bears,"1-0, 1-0 Home","0-1, 0-1 Away",24,17,,,Final,,7,7,7,3,,7,3,0,7,,1,NFL,,,,,,,,,,,,,,,,,,,,,,,,,,,,,,,,,,,,,,,,,,,,,,,,
331215005,2013,"December 15, 2013",Cleveland Browns,Chicago Bears,"4-10, 3-5 Home","8-6, 3-4 Away",31,38,,,Final,FOX,3,7,14,7,,0,10,7,21,,15,NFL,20.0,23.0,366.0,440.0,273.0,261.0,93.0,179.0,9-90,7-40,2.0,3.0,25:12,34:48,3-9,9-14,0-0,0-0,23-39,22-31,7.0,7.9,2.0,2.0,17.0,31.0,5.5,5.8,0.0,1.0,56.0,64.0,11.0,12.0,6.5,6.9,1-2,2-5,4.0,2.0,12.0,11.0,7.0,10.0,1.0,2.0,0-0,2-4
331201016,2013,"December 1, 2013",Minnesota Vikings,Chicago Bears,"3-8-1, 3-3 Home","6-6, 2-4 Away",23,20,,,Final/OT,FOX,0,7,3,10,3.0,3,3,14,0,0.0,13,NFL,28.0,20.0,496.0,480.0,250.0,345.0,246.0,135.0,6-60,6-51,1.0,1.0,39:09,34:08,4-17,2-11,3-3,0-0,23-41,23-36,5.4,8.6,1.0,0.0,40.0,25.0,6.2,5.4,0.0,1.0,86.0,65.0,14.0,14.0,5.8,7.4,1-5,0-1,0.0,0.0,13.0,13.0,13.0,7.0,2.0,0.0,5-33,4-10
331104009,2013,"November 4, 2013",Green Bay Packers,Chicago Bears,"5-3, 3-1 Home","5-3, 2-2 Away",20,27,,,Final,ESPN,10,0,10,0,,7,10,7,3,,9,NFL,17.0,25.0,312.0,442.0,113.0,271.0,199.0,171.0,0-0,4-45,1.0,0.0,26:51,33:09,1-9,6-14,0-0,1-1,12-21,22-41,4.3,6.5,1.0,0.0,29.0,33.0,6.9,5.2,0.0,0.0,55.0,75.0,12.0,12.0,5.7,5.9,1-3,2-4,0.0,0.0,6.0,15.0,9.0,10.0,2.0,0.0,5-28,1-1
330915003,2013,"September 15, 2013",Chicago Bears,Minnesota Vikings,"2-0, 2-0 Home","0-2, 0-2 Away",31,30,,,Final,FOX,14,10,0,7,,7,14,3,6,,2,NFL,24.0,19.0,411.0,350.0,284.0,227.0,127.0,123.0,4-35,3-25,4.0,3.0,30:34,29:26,7-12,7-16,0-0,2-2,27-38,16-30,7.3,7.3,2.0,1.0,27.0,33.0,4.7,3.7,2.0,2.0,66.0,64.0,13.0,10.0,6.2,5.5,2-4,0-3,2.0,3.0,15.0,9.0,8.0,8.0,1.0,2.0,1-8,1-0
331020028,2013,"October 20, 2013",Washington Redskins,Chicago Bears,"2-4, 1-2 Home","4-3, 1-2 Away",45,41,,,Final,FOX,3,21,7,14,,10,7,7,17,,7,NFL,28.0,21.0,499.0,359.0,290.0,219.0,209.0,140.0,5-47,5-30,1.0,1.0,33:56,26:04,7-13,2-8,0-0,0-0,18-29,17-28,9.7,7.3,1.0,1.0,43.0,22.0,4.9,6.4,0.0,0.0,73.0,52.0,12.0,14.0,6.8,6.9,4-5,3-4,2.0,1.0,13.0,10.0,13.0,8.0,2.0,3.0,1-8,2-13
330922023,2013,"September 22, 2013",Pittsburgh Steelers,Chicago Bears,"0-3, 0-2 Home","3-0, 1-0 Away",23,40,,,Final,NBC,0,10,10,3,,17,7,3,13,,3,NFL,21.0,15.0,459.0,258.0,379.0,151.0,80.0,107.0,6-59,3-25,5.0,0.0,28:24,31:36,3-11,5-15,0-1,1-1,26-41,20-30,8.6,4.7,2.0,0.0,21.0,28.0,3.8,3.8,3.0,0.0,65.0,60.0,13.0,14.0,7.1,4.3,0-2,3-5,0.0,4.0,15.0,7.0,5.0,6.0,1.0,2.0,3-27,2-8
330908003,2013,"September 8, 2013",Chicago Bears,Cincinnati Bengals,"1-0, 1-0 Home","0-1, 0-1 Away",24,21,,,Final,CBS,7,3,7,7,,7,7,7,0,,1,NFL,17.0,18.0,323.0,340.0,242.0,277.0,81.0,63.0,4-59,8-84,1.0,3.0,31:30,28:30,6-14,7-11,1-1,0-0,21-33,26-33,7.3,8.1,1.0,2.0,28.0,21.0,2.9,3.0,0.0,1.0,61.0,55.0,13.0,11.0,5.3,6.2,3-3,2-2,0.0,0.0,12.0,12.0,4.0,5.0,1.0,1.0,0-0,1-5
330815003,2013,"August 15, 2013",Chicago Bears,San Diego Chargers,"1-1, 1-0 Home","0-2, 0-1 Away",33,28,,,Final,ESPN,14,6,7,6,,0,7,14,7,,2,NFL,,,,,,,,,,,,,,,,,,,,,,,,,,,,,,,,,,,,,,,,,,,,,,,,
331222021,2013,"December 22, 2013",Philadelphia Eagles,Chicago Bears,"9-6, 4-4 Home","8-7, 3-5 Away",54,11,,,Final,NBC,21,3,9,21,,0,3,8,0,,16,NFL,28.0,18.0,514.0,257.0,225.0,196.0,289.0,61.0,2-15,2-10,1.0,2.0,30:20,29:40,5-9,5-14,1-1,2-3,21-25,22-39,8.3,4.5,0.0,1.0,36.0,19.0,8.0,3.2,1.0,1.0,63.0,63.0,12.0,13.0,8.2,4.1,5-5,1-2,2.0,0.0,12.0,15.0,16.0,2.0,0.0,1.0,2-5,5-46
331209003,2013,"December 9, 2013",Chicago Bears,Dallas Cowboys,"7-6, 5-2 Home","7-6, 2-5 Away",45,28,,,Final,ESPN,7,17,11,10,,7,7,0,14,,14,NFL,33.0,24.0,490.0,328.0,341.0,130.0,149.0,198.0,2-15,4-50,0.0,0.0,36:44,23:16,8-11,5-10,0-0,1-2,27-36,14-25,9.2,4.8,0.0,0.0,32.0,28.0,4.7,7.1,0.0,0.0,69.0,55.0,9.0,9.0,7.1,6.0,4-7,4-4,0.0,0.0,19.0,11.0,10.0,13.0,4.0,0.0,1-7,2-14
331124014,2013,"November 24, 2013",St. Louis Rams,Chicago Bears,"5-6, 3-3 Home","6-5, 2-3 Away",42,21,,,Final,FOX,21,3,3,15,,7,7,0,7,,12,NFL,20.0,30.0,406.0,424.0,148.0,344.0,258.0,80.0,6-39,10-84,0.0,3.0,23:51,36:09,4-10,6-10,0-0,0-1,10-22,36-47,6.2,7.2,0.0,1.0,29.0,26.0,8.9,3.1,0.0,2.0,53.0,74.0,10.0,11.0,7.7,5.7,3-5,3-4,2.0,0.0,8.0,19.0,11.0,7.0,1.0,4.0,2-19,1-8
331110003,2013,"November 10, 2013",Chicago Bears,Detroit Lions,"5-4, 3-2 Home","6-3, 3-2 Away",19,21,,,Final,FOX,7,0,3,9,,7,0,7,7,,10,NFL,19.0,21.0,338.0,364.0,300.0,219.0,38.0,145.0,5-39,5-51,1.0,1.0,31:35,28:25,7-17,5-12,1-2,0-1,27-49,18-35,5.9,6.3,1.0,1.0,20.0,26.0,1.9,5.6,0.0,0.0,71.0,61.0,11.0,12.0,4.8,6.0,1-4,3-4,0.0,0.0,15.0,13.0,1.0,6.0,3.0,2.0,2-12,0-0
331010003,2013,"October 10, 2013",Chicago Bears,New York Giants,"4-2, 3-1 Home","0-6, 0-4 Away",27,21,,,Final,NFL,7,17,3,0,,7,7,7,0,,6,NFL,26.0,21.0,372.0,355.0,262.0,232.0,110.0,123.0,5-51,4-31,0.0,3.0,32:55,27:05,5-11,7-11,0-1,0-0,24-36,14-26,7.3,8.6,0.0,3.0,29.0,26.0,3.8,4.7,0.0,0.0,65.0,53.0,10.0,9.0,5.7,6.7,2-3,2-2,2.0,0.0,17.0,12.0,7.0,8.0,2.0,1.0,0-0,1-7
331006003,2013,"October 6, 2013",Chicago Bears,New Orleans Saints,"3-2, 2-1 Home","5-0, 2-0 Away",18,26,,,Final,FOX,0,7,3,8,,6,14,3,3,,5,NFL,20.0,17.0,434.0,347.0,340.0,283.0,94.0,64.0,6-43,2-10,1.0,0.0,24:00,36:00,4-10,6-16,0-1,1-1,24-33,29-35,9.4,7.9,0.0,0.0,18.0,29.0,5.2,2.2,1.0,0.0,54.0,65.0,11.0,10.0,8.0,5.3,2-3,1-3,0.0,0.0,16.0,11.0,4.0,5.0,0.0,1.0,3-18,1-5
331117003,2013,"November 17, 2013",Chicago Bears,Baltimore Ravens,"6-4, 4-2 Home","4-6, 1-5 Away",23,20,,,Final/OT,CBS,0,13,0,7,3.0,10,7,0,3,0.0,11,NFL,18.0,23.0,319.0,317.0,215.0,143.0,104.0,174.0,13-111,5-46,0.0,2.0,30:38,35:41,5-13,8-18,0-0,1-2,19-31,17-31,6.5,4.2,0.0,2.0,26.0,41.0,4.0,4.2,0.0,0.0,59.0,75.0,12.0,11.0,5.4,4.2,1-4,2-3,2.0,0.0,10.0,10.0,5.0,9.0,3.0,4.0,2-1,3-19
400554314,2014,"September 14, 2014",San Francisco 49ers,Chicago Bears,"1-1, 0-1 Home","1-1, 1-0 Away",20,28,,,Final,NBC,10,7,3,0,,0,7,0,21,,2,NFL,19.0,19.0,359.0,216.0,232.0,170.0,127.0,46.0,16-118,10-58,4.0,0.0,33:51,26:09,7-13,3-9,1-2,0-0,21-34,23-34,6.1,4.9,3.0,0.0,27.0,17.0,4.7,2.7,1.0,0.0,65.0,52.0,11.0,11.0,5.5,4.2,2-5,4-4,0.0,0.0,13.0,10.0,5.0,3.0,1.0,6.0,4-16,1-6
400554721,2014,"August 22, 2014",Seattle Seahawks,Chicago Bears,"2-1, 2-0 Home","2-1, 0-1 Away",34,6,,,Final,NFL,14,17,3,0,,0,0,0,6,,3,NFL,23.0,16.0,370.0,270.0,252.0,219.0,118.0,51.0,6-60,10-70,1.0,1.0,32:03,27:57,10-14,3-11,0-0,0-0,20-32,25-39,7.4,5.2,1.0,1.0,31.0,13.0,3.8,3.9,0.0,0.0,65.0,55.0,10.0,9.0,5.7,4.9,4-5,0-3,0.0,0.0,15.0,10.0,6.0,5.0,2.0,1.0,2-15,3-22
400554693,2014,"August 28, 2014",Cleveland Browns,Chicago Bears,"1-3, 1-1 Home","2-2, 0-2 Away",33,13,,,Final,,7,10,9,7,,3,10,0,0,,4,NFL,29.0,11.0,445.0,187.0,225.0,125.0,220.0,62.0,6-77,9-74,1.0,1.0,34:55,25:05,5-14,6-14,2-2,0-0,16-33,13-24,6.6,4.8,0.0,1.0,37.0,24.0,5.9,2.6,1.0,0.0,71.0,50.0,11.0,11.0,6.3,3.7,2-5,0-1,0.0,0.0,13.0,7.0,11.0,2.0,5.0,2.0,1-7,2-21
400554437,2014,"December 28, 2014",Minnesota Vikings,Chicago Bears,"7-9, 5-3 Home","5-11, 3-5 Away",13,9,,,Final,FOX,3,0,7,3,,0,3,3,3,,17,NFL,15.0,12.0,311.0,264.0,190.0,165.0,121.0,99.0,4-25,8-50,1.0,0.0,28:27,31:33,8-15,4-15,0-1,2-3,17-25,23-36,6.8,4.3,1.0,0.0,33.0,21.0,3.7,4.7,0.0,0.0,61.0,59.0,10.0,9.0,5.1,4.5,0-2,0-2,0.0,0.0,9.0,7.0,6.0,5.0,0.0,0.0,3-19,2-7
400554719,2014,"August 8, 2014",Chicago Bears,Philadelphia Eagles,"1-0, 1-0 Home","0-1, 0-1 Away",34,28,,,Final,,7,7,17,3,,0,21,7,0,,1,NFL,27.0,24.0,491.0,359.0,399.0,283.0,92.0,76.0,14-103,9-89,3.0,4.0,36:54,23:06,10-17,4-11,0-0,1-1,29-44,28-45,8.9,6.2,2.0,3.0,32.0,18.0,2.9,4.2,1.0,1.0,77.0,64.0,13.0,15.0,6.4,5.6,2-4,3-3,0.0,1.0,20.0,15.0,4.0,5.0,3.0,4.0,1-8,1-1
400554427,2014,"December 15, 2014",Chicago Bears,New Orleans Saints,"5-9, 2-5 Home","6-8, 3-4 Away",15,31,,,Final,ESPN,0,0,0,15,,0,14,10,7,,15,NFL,16.0,25.0,278.0,443.0,153.0,360.0,125.0,83.0,9-74,3-25,3.0,1.0,26:29,33:31,2-12,4-11,0-2,0-0,17-31,29-36,4.0,9.5,3.0,0.0,20.0,26.0,6.3,3.2,0.0,1.0,58.0,64.0,13.0,13.0,4.8,6.9,2-2,4-6,0.0,0.0,8.0,19.0,8.0,3.0,0.0,3.0,7-41,2-15
400554281,2014,"November 27, 2014",Detroit Lions,Chicago Bears,"8-4, 5-1 Home","5-7, 3-4 Away",34,17,,,Final,CBS,3,21,0,10,,14,0,3,0,,13,NFL,28.0,18.0,474.0,269.0,383.0,256.0,91.0,13.0,5-38,5-41,1.0,2.0,33:25,26:35,5-12,5-12,1-2,0-0,34-45,31-48,8.1,5.0,0.0,2.0,23.0,8.0,4.0,1.6,1.0,0.0,70.0,59.0,11.0,12.0,6.8,4.6,3-4,2-4,0.0,0.0,19.0,16.0,7.0,0.0,2.0,2.0,2-7,3-24
400554270,2014,"October 19, 2014",Chicago Bears,Miami Dolphins,"3-4, 0-3 Home","3-3, 2-1 Away",14,27,,,Final,CBS,0,0,7,7,,7,7,7,6,,7,NFL,14.0,24.0,224.0,393.0,172.0,256.0,52.0,137.0,2-15,7-84,3.0,0.0,22:38,37:22,5-12,4-11,2-3,1-1,21-34,25-32,4.6,7.1,1.0,0.0,14.0,33.0,3.7,4.2,2.0,0.0,51.0,69.0,9.0,10.0,4.4,5.7,2-3,3-6,0.0,0.0,10.0,17.0,3.0,7.0,1.0,0.0,3-18,4-21
400554200,2014,"October 5, 2014",Carolina Panthers,Chicago Bears,"3-2, 2-1 Home","2-3, 2-1 Away",31,24,,,Final,FOX,7,7,7,10,,14,7,3,0,,5,NFL,22.0,17.0,322.0,347.0,231.0,262.0,91.0,85.0,3-30,10-79,3.0,4.0,27:01,32:59,5-12,5-13,0-0,0-1,19-35,28-36,6.2,6.6,1.0,2.0,26.0,22.0,3.5,3.9,2.0,2.0,63.0,62.0,13.0,14.0,5.1,5.6,3-3,2-3,1.0,0.0,15.0,11.0,5.0,5.0,2.0,1.0,2-24,4-27
400554288,2014,"September 22, 2014",New York Jets,Chicago Bears,"1-2, 1-1 Home","2-1, 2-0 Away",19,27,,,Final,ESPN,3,10,3,3,,14,3,7,3,,3,NFL,21.0,17.0,414.0,257.0,300.0,197.0,114.0,60.0,6-78,9-95,3.0,1.0,31:52,28:08,6-15,7-15,1-2,0-0,26-43,23-38,6.5,4.7,2.0,0.0,26.0,21.0,4.4,2.9,1.0,1.0,72.0,63.0,11.0,12.0,5.8,4.1,1-6,2-3,0.0,2.0,15.0,11.0,3.0,4.0,3.0,2.0,3-16,4-28
400554340,2014,"November 16, 2014",Chicago Bears,Minnesota Vikings,"4-6, 1-3 Home","4-6, 2-4 Away",21,13,,,Final,CBS,0,14,0,7,,10,0,0,3,,11,NFL,24.0,10.0,468.0,243.0,330.0,147.0,138.0,96.0,7-60,2-18,2.0,1.0,38:38,21:22,10-17,2-11,2-3,2-2,31-43,18-28,7.7,4.9,2.0,1.0,31.0,16.0,4.5,6.0,0.0,0.0,74.0,46.0,10.0,10.0,6.3,5.3,1-2,1-2,0.0,0.0,16.0,7.0,8.0,2.0,0.0,1.0,0-0,2-11
400551874,2014,"August 14, 2014",Chicago Bears,Jacksonville Jaguars,"2-0, 2-0 Home","1-1, 0-1 Away",20,19,,,Final,ESPN,0,7,0,13,,13,3,3,0,,2,NFL,26.0,21.0,312.0,393.0,233.0,301.0,79.0,92.0,7-65,14-141,2.0,1.0,32:16,27:44,6-12,5-14,0-0,0-0,24-33,26-40,6.9,7.3,1.0,1.0,26.0,28.0,3.0,3.3,1.0,0.0,60.0,69.0,12.0,12.0,5.2,5.7,3-3,1-3,0.0,0.0,11.0,14.0,8.0,4.0,7.0,3.0,1-9,1-7
400554232,2014,"September 7, 2014",Chicago Bears,Buffalo Bills,"0-1, 0-1 Home","1-0, 1-0 Away",20,23,,,Final/OT,FOX,7,0,10,3,0.0,7,10,0,3,3.0,1,NFL,29.0,15.0,427.0,360.0,341.0,167.0,86.0,193.0,4-43,9-108,3.0,1.0,34:42,30:32,5-12,4-12,0-0,0-0,34-49,16-22,6.7,7.3,2.0,1.0,18.0,33.0,4.8,5.8,1.0,0.0,69.0,56.0,12.0,12.0,6.2,6.4,2-3,2-4,0.0,0.0,19.0,8.0,5.0,7.0,5.0,0.0,2-8,1-6
400554220,2014,"October 12, 2014",Atlanta Falcons,Chicago Bears,"2-4, 2-1 Home","3-3, 3-1 Away",13,27,,,Final,FOX,3,0,10,0,,0,13,6,8,,6,NFL,12.0,23.0,287.0,478.0,245.0,375.0,42.0,103.0,6-52,7-47,1.0,0.0,23:45,36:15,4-13,7-15,0-2,0-0,19-37,26-38,6.0,9.4,1.0,0.0,13.0,29.0,3.2,3.6,0.0,0.0,54.0,69.0,11.0,11.0,5.3,6.9,0-0,3-5,0.0,0.0,10.0,15.0,2.0,7.0,0.0,1.0,4-26,2-6
400554272,2014,"October 26, 2014",New England Patriots,Chicago Bears,"6-2, 4-0 Home","3-5, 3-2 Away",51,23,,,Final,FOX,7,31,7,6,,0,7,8,8,,8,NFL,32.0,27.0,487.0,384.0,365.0,231.0,122.0,153.0,7-38,5-41,0.0,2.0,32:43,27:17,7-11,4-11,0-0,1-3,33-38,21-35,9.4,6.1,0.0,1.0,32.0,26.0,3.8,5.9,0.0,1.0,71.0,64.0,10.0,11.0,6.9,6.0,4-7,1-1,2.0,0.0,25.0,13.0,6.0,11.0,1.0,3.0,1-11,3-18
400554403,2014,"November 9, 2014",Green Bay Packers,Chicago Bears,"6-3, 4-0 Home","3-6, 3-3 Away",55,14,,,Final,NBC,14,28,6,7,,0,0,7,7,,10,NFL,21.0,21.0,451.0,311.0,319.0,256.0,132.0,55.0,5-50,11-163,1.0,3.0,29:41,30:19,6-13,3-12,2-2,0-4,19-32,23-40,10.0,5.8,0.0,2.0,32.0,24.0,4.1,2.3,1.0,1.0,64.0,68.0,13.0,14.0,7.0,4.6,3-6,0-2,2.0,1.0,13.0,12.0,6.0,5.0,2.0,4.0,0-0,4-27
400554207,2014,"September 28, 2014",Chicago Bears,Green Bay Packers,"2-2, 0-2 Home","2-2, 1-2 Away",17,38,,,Final,FOX,7,10,0,0,,7,14,10,7,,4,NFL,33.0,21.0,496.0,358.0,261.0,302.0,235.0,56.0,6-46,9-70,2.0,0.0,36:22,23:38,7-11,4-8,2-3,0-0,23-35,22-28,7.3,10.4,2.0,0.0,41.0,18.0,5.7,3.1,0.0,0.0,77.0,47.0,8.0,7.0,6.4,7.6,2-4,4-5,0.0,0.0,14.0,16.0,16.0,3.0,3.0,2.0,1-4,1-0
400554349,2014,"December 4, 2014",Chicago Bears,Dallas Cowboys,"5-8, 2-4 Home","9-4, 6-0 Away",28,41,,,Final,NFL,0,7,0,21,,0,14,21,6,,14,NFL,23.0,21.0,376.0,397.0,341.0,203.0,35.0,194.0,9-54,8-97,2.0,0.0,27:32,32:28,2-10,7-14,3-3,2-2,32-46,21-26,7.4,7.5,1.0,0.0,15.0,35.0,2.3,5.5,1.0,0.0,61.0,62.0,11.0,10.0,6.2,6.4,3-4,4-6,0.0,0.0,14.0,13.0,5.0,7.0,4.0,1.0,0-0,1-2
400554401,2014,"December 21, 2014",Chicago Bears,Detroit Lions,"5-10, 2-6 Home","11-4, 4-3 Away",14,20,,,Final,FOX,0,7,7,0,,7,0,3,10,,16,NFL,17.0,22.0,234.0,367.0,170.0,229.0,64.0,138.0,5-86,7-60,1.0,3.0,28:04,31:56,5-15,5-13,1-3,2-2,23-39,22-39,4.1,5.3,1.0,2.0,22.0,26.0,2.9,5.3,0.0,1.0,63.0,69.0,10.0,10.0,3.7,5.3,1-2,2-6,0.0,0.0,12.0,14.0,2.0,6.0,3.0,2.0,2-11,4-14
400554333,2014,"November 23, 2014",Chicago Bears,Tampa Bay Buccaneers,"5-6, 2-3 Home","2-9, 2-4 Away",21,13,,,Final,FOX,0,0,21,0,,0,10,0,3,,12,NFL,12.0,17.0,204.0,367.0,112.0,301.0,92.0,66.0,6-45,9-87,1.0,4.0,29:50,30:10,4-16,7-17,0-0,0-1,17-27,25-48,3.7,5.7,0.0,2.0,26.0,22.0,3.5,3.0,1.0,2.0,56.0,75.0,15.0,15.0,3.6,4.9,3-3,1-3,0.0,0.0,6.0,14.0,4.0,3.0,2.0,0.0,3-18,5-40
400791673,2015,"November 22, 2015",Chicago Bears,Denver Broncos,"4-6, 1-4 Home","8-2, 5-1 Away",15,17,,,Final,CBS,0,6,3,6,,7,3,0,7,,11,NFL,19.0,21.0,347.0,389.0,261.0,219.0,86.0,170.0,0-0,8-118,2.0,0.0,26:47,33:13,4-12,6-14,0-1,0-1,18-32,20-27,7.7,6.8,1.0,0.0,25.0,36.0,3.4,4.7,1.0,0.0,59.0,68.0,11.0,12.0,5.9,5.7,1-4,1-3,0.0,0.0,9.0,14.0,5.0,7.0,5.0,0.0,2-4,5-31
400791659,2015,"January 3, 2016",Chicago Bears,Detroit Lions,"6-10, 1-7 Home","7-9, 3-5 Away",20,24,,,Final,FOX,0,0,10,10,,7,3,7,7,,17,NFL,16.0,22.0,342.0,349.0,234.0,282.0,108.0,67.0,1-15,4-21,3.0,0.0,27:30,32:30,7-12,4-10,0-0,0-1,17-23,28-39,8.7,6.6,3.0,0.0,25.0,21.0,4.3,3.2,0.0,0.0,52.0,64.0,9.0,10.0,6.6,5.5,0-2,2-2,0.0,0.0,10.0,18.0,6.0,4.0,0.0,0.0,4-11,4-16
400791105,2015,"September 3, 2015",Chicago Bears,Cleveland Browns,"3-1, 2-0 Home","1-3, 1-1 Away",24,0,,,Final,,0,7,14,3,,0,0,0,0,,4,NFL,14.0,12.0,279.0,147.0,140.0,80.0,139.0,67.0,8-61,4-25,0.0,3.0,28:30,31:30,5-10,9-15,0-0,0-0,15-22,16-22,6.4,2.8,0.0,1.0,27.0,26.0,5.1,2.6,0.0,2.0,49.0,55.0,8.0,10.0,5.7,2.7,2-3,0-0,1.0,0.0,6.0,9.0,7.0,2.0,1.0,1.0,0-0,7-40
400791104,2015,"August 29, 2015",Cincinnati Bengals,Chicago Bears,"2-1, 2-0 Home","2-1, 1-1 Away",21,10,,,Final,,7,14,0,0,,0,3,0,7,,3,NFL,21.0,10.0,333.0,194.0,188.0,127.0,145.0,67.0,9-75,12-117,1.0,0.0,36:52,23:08,8-14,2-11,1-1,0-0,18-24,19-26,7.2,4.5,0.0,0.0,39.0,18.0,3.7,3.7,1.0,0.0,65.0,46.0,11.0,9.0,5.1,4.2,2-2,0-1,0.0,0.0,11.0,5.0,9.0,3.0,1.0,2.0,2-13,2-17
400791102,2015,"August 13, 2015",Chicago Bears,Miami Dolphins,"1-0, 1-0 Home","0-1, 0-1 Away",27,10,,,Final,,0,3,14,10,,7,3,0,0,,1,NFL,19.0,20.0,357.0,343.0,191.0,241.0,166.0,102.0,15-83,12-80,0.0,4.0,31:21,28:39,5-16,5-14,1-1,1-2,21-34,20-44,5.5,5.4,0.0,3.0,33.0,26.0,5.0,3.9,0.0,1.0,68.0,71.0,13.0,13.0,5.2,4.8,1-5,1-3,0.0,0.0,10.0,14.0,7.0,3.0,2.0,3.0,1-2,1-5
400791660,2015,"December 20, 2015",Minnesota Vikings,Chicago Bears,"9-5, 5-2 Home","5-9, 4-3 Away",38,17,,,Final,FOX,7,10,7,14,,0,7,3,7,,15,NFL,20.0,21.0,350.0,293.0,221.0,199.0,129.0,94.0,4-45,6-39,0.0,2.0,32:10,27:50,8-12,5-12,0-0,1-1,17-20,26-37,10.5,4.7,0.0,1.0,36.0,20.0,3.6,4.7,0.0,1.0,57.0,62.0,9.0,11.0,6.1,4.7,4-4,2-2,0.0,0.0,10.0,13.0,8.0,7.0,2.0,1.0,1-10,5-32
400791647,2015,"December 6, 2015",Chicago Bears,San Francisco 49ers,"5-7, 1-5 Home","4-8, 1-5 Away",20,26,,,Final/OT,FOX,6,7,0,7,0.0,6,7,0,7,6.0,13,NFL,20.0,13.0,364.0,291.0,194.0,170.0,170.0,121.0,8-72,6-50,1.0,0.0,37:24,24:46,8-17,7-16,0-0,0-0,18-31,18-32,6.1,4.7,1.0,0.0,42.0,23.0,4.0,5.3,0.0,0.0,74.0,59.0,13.0,13.0,4.9,4.9,2-3,1-1,0.0,2.0,8.0,6.0,12.0,7.0,0.0,0.0,1-8,4-26
400791735,2015,"November 9, 2015",San Diego Chargers,Chicago Bears,"2-7, 2-3 Home","3-5, 2-2 Away",19,22,,,Final,ESPN,7,9,0,3,,0,7,0,15,,9,NFL,19.0,25.0,339.0,446.0,262.0,337.0,77.0,109.0,8-54,6-55,1.0,2.0,26:25,33:35,7-13,9-15,0-1,0-0,26-42,27-40,6.0,8.2,0.0,1.0,19.0,29.0,4.1,3.8,1.0,1.0,63.0,70.0,9.0,11.0,5.4,6.4,1-3,2-4,2.0,0.0,12.0,20.0,5.0,5.0,2.0,0.0,2-18,1-8
400791538,2015,"December 27, 2015",Tampa Bay Buccaneers,Chicago Bears,"6-9, 3-5 Home","6-9, 5-3 Away",21,26,,,Final,FOX,7,0,7,7,,0,13,0,13,,16,NFL,19.0,21.0,389.0,327.0,285.0,153.0,104.0,174.0,4-47,3-25,3.0,0.0,22:57,37:03,2-8,6-15,0-0,0-0,15-29,20-27,9.5,5.5,1.0,0.0,25.0,39.0,4.2,4.5,2.0,0.0,55.0,67.0,12.0,12.0,7.1,4.9,1-2,2-4,0.0,0.0,14.0,7.0,5.0,12.0,0.0,2.0,1-10,1-3
400791626,2015,"September 27, 2015",Seattle Seahawks,Chicago Bears,"1-2, 1-0 Home","0-3, 0-1 Away",26,0,,,Final,CBS,3,3,14,6,,0,0,0,0,,3,NFL,17.0,7.0,371.0,146.0,212.0,48.0,159.0,98.0,5-41,6-40,0.0,0.0,32:36,27:24,5-16,3-13,2-2,0-0,20-30,9-17,6.2,2.5,0.0,0.0,29.0,27.0,5.5,3.6,0.0,0.0,63.0,46.0,11.0,10.0,5.9,3.2,0-2,0-0,1.0,0.0,12.0,2.0,5.0,5.0,0.0,0.0,4-23,2-15
400791489,2015,"September 13, 2015",Chicago Bears,Green Bay Packers,"0-1, 0-1 Home","1-0, 1-0 Away",23,31,,,Final,FOX,3,10,3,7,,7,3,7,14,,1,NFL,25.0,21.0,402.0,322.0,213.0,189.0,189.0,133.0,6-64,10-74,1.0,0.0,31:52,28:08,11-17,6-10,2-3,1-1,18-36,18-23,5.6,8.2,1.0,0.0,33.0,30.0,5.7,4.4,0.0,0.0,71.0,53.0,8.0,9.0,5.7,6.1,1-3,4-5,0.0,0.0,12.0,10.0,10.0,10.0,3.0,1.0,2-12,0-0
400791103,2015,"August 22, 2015",Indianapolis Colts,Chicago Bears,"0-2, 0-1 Home","2-0, 1-0 Away",11,23,,,Final,,0,11,0,0,,3,6,14,0,,2,NFL,13.0,16.0,229.0,287.0,117.0,122.0,112.0,165.0,11-99,7-63,2.0,1.0,26:44,33:16,5-14,3-12,0-0,0-0,12-25,15-20,4.0,5.8,1.0,1.0,28.0,36.0,4.0,4.6,1.0,0.0,57.0,57.0,12.0,11.0,4.0,5.0,1-2,2-4,0.0,0.0,7.0,6.0,5.0,8.0,1.0,2.0,4-30,1-6
400791580,2015,"December 13, 2015",Chicago Bears,Washington Redskins,"5-8, 1-6 Home","6-7, 1-5 Away",21,24,,,Final,FOX,0,7,14,0,,7,7,7,3,,14,NFL,20.0,24.0,377.0,374.0,290.0,275.0,87.0,99.0,7-79,8-63,1.0,1.0,25:38,34:22,5-11,7-12,0-0,0-0,19-31,24-31,8.5,8.1,0.0,1.0,22.0,33.0,4.0,3.0,1.0,0.0,56.0,67.0,10.0,11.0,6.7,5.6,2-2,3-3,0.0,0.0,14.0,13.0,4.0,10.0,2.0,1.0,3-25,3-25
400791510,2015,"November 26, 2015",Green Bay Packers,Chicago Bears,"7-4, 4-2 Home","5-6, 4-2 Away",13,17,,,Final,NBC,7,6,0,0,,0,14,0,3,,12,NFL,23.0,17.0,365.0,290.0,188.0,189.0,177.0,101.0,3-38,12-95,2.0,0.0,28:48,31:12,3-11,5-14,0-2,0-0,22-43,19-31,4.2,5.9,1.0,0.0,28.0,31.0,6.3,3.3,1.0,0.0,73.0,63.0,12.0,12.0,5.0,4.6,0-2,2-3,0.0,0.0,9.0,12.0,9.0,4.0,5.0,1.0,2-14,1-11
400791543,2015,"November 15, 2015",St. Louis Rams,Chicago Bears,"4-5, 3-2 Home","4-5, 3-2 Away",13,37,,,Final,CBS,10,0,3,0,,10,14,0,13,,10,NFL,12.0,17.0,285.0,397.0,191.0,244.0,94.0,153.0,8-57,4-44,2.0,2.0,25:38,34:22,4-14,3-12,0-2,1-1,17-37,19-24,5.0,9.4,1.0,0.0,21.0,37.0,4.5,4.1,1.0,2.0,59.0,63.0,14.0,13.0,4.8,6.3,1-2,2-6,0.0,0.0,7.0,8.0,4.0,8.0,1.0,1.0,1-9,2-14
400791642,2015,"November 1, 2015",Chicago Bears,Minnesota Vikings,"2-5, 1-3 Home","5-2, 2-2 Away",20,23,,,Final,FOX,3,7,3,7,,7,3,0,13,,8,NFL,18.0,17.0,305.0,327.0,208.0,180.0,97.0,147.0,4-38,4-35,0.0,1.0,32:42,27:18,3-12,5-12,1-1,0-0,22-33,17-30,6.1,5.8,0.0,1.0,25.0,25.0,3.9,5.9,0.0,0.0,59.0,56.0,10.0,10.0,5.2,5.8,1-2,0-2,0.0,1.0,11.0,7.0,6.0,8.0,1.0,2.0,1-3,1-7
400791488,2015,"October 11, 2015",Kansas City Chiefs,Chicago Bears,"1-4, 0-2 Home","2-3, 1-1 Away",17,18,,,Final,FOX,7,10,0,0,,3,0,3,12,,5,NFL,16.0,21.0,287.0,328.0,170.0,241.0,117.0,87.0,3-49,6-49,0.0,1.0,26:23,33:37,5-14,6-14,0-0,0-1,16-30,26-45,5.2,5.1,0.0,0.0,25.0,26.0,4.7,3.3,0.0,1.0,58.0,73.0,11.0,12.0,4.9,4.5,1-3,1-2,2.0,0.0,9.0,14.0,6.0,5.0,1.0,2.0,3-11,2-11
400791629,2015,"October 18, 2015",Detroit Lions,Chicago Bears,"1-5, 1-2 Home","2-4, 1-2 Away",37,34,,,Final/OT,FOX,7,14,3,10,3.0,3,10,3,18,0.0,6,NFL,26.0,24.0,546.0,444.0,391.0,353.0,155.0,91.0,10-98,9-76,3.0,1.0,38:57,33:34,9-17,6-14,1-1,0-0,27-42,26-41,8.9,8.4,1.0,1.0,32.0,31.0,4.8,2.9,2.0,0.0,76.0,73.0,12.0,14.0,7.2,6.1,3-5,3-8,0.0,0.0,17.0,13.0,6.0,7.0,3.0,4.0,2-14,1-0
400791661,2015,"September 20, 2015",Chicago Bears,Arizona Cardinals,"0-2, 0-2 Home","2-0, 1-0 Away",23,48,,,Final,FOX,7,13,3,0,,14,14,14,6,,2,NFL,18.0,21.0,335.0,300.0,226.0,185.0,109.0,115.0,14-170,8-58,2.0,2.0,29:56,30:04,2-12,5-9,0-1,1-1,22-32,17-24,6.6,7.7,2.0,1.0,28.0,28.0,3.9,4.1,0.0,1.0,62.0,52.0,13.0,11.0,5.4,5.8,1-2,4-4,0.0,3.0,7.0,12.0,8.0,6.0,3.0,3.0,2-15,0-0
400791706,2015,"October 4, 2015",Chicago Bears,Oakland Raiders,"1-3, 1-2 Home","2-2, 1-1 Away",22,20,,,Final,CBS,6,10,0,6,,0,14,3,3,,4,NFL,23.0,16.0,371.0,243.0,273.0,173.0,98.0,70.0,7-48,5-47,3.0,2.0,33:22,26:38,10-17,6-13,1-1,0-0,28-43,20-33,5.9,4.9,1.0,1.0,29.0,22.0,3.4,3.2,2.0,1.0,75.0,57.0,12.0,12.0,4.9,4.3,2-3,1-2,0.0,0.0,17.0,12.0,4.0,3.0,2.0,1.0,3-8,2-23
400874777,2016,"August 11, 2016",Chicago Bears,Denver Broncos,"0-1, 0-1 Home","1-0, 1-0 Away",0,22,,,Final,,0,0,0,0,,7,13,2,0,,1,NFL,8.0,18.0,130.0,344.0,82.0,254.0,48.0,90.0,5-55,8-75,1.0,1.0,23:55,36:05,3-14,6-14,0-1,0-0,16-26,23-32,2.5,7.3,1.0,1.0,17.0,28.0,2.8,3.2,0.0,0.0,50.0,63.0,12.0,12.0,2.6,5.5,0-0,0-2,0.0,0.0,5.0,12.0,3.0,5.0,0.0,1.0,7-64,3-7
400874547,2016,"September 19, 2016",Chicago Bears,Philadelphia Eagles,"0-2, 0-1 Home","2-0, 1-0 Away",14,29,,,Final,ESPN,0,7,0,7,,3,6,13,7,,2,NFL,16.0,21.0,284.0,280.0,220.0,180.0,64.0,100.0,7-60,5-34,3.0,0.0,23:55,36:05,4-10,3-15,0-1,3-3,21-29,21-34,6.9,5.0,1.0,0.0,18.0,32.0,3.6,3.1,2.0,0.0,50.0,68.0,11.0,12.0,5.7,4.1,1-3,3-6,1.0,0.0,9.0,12.0,6.0,7.0,1.0,2.0,3-15,2-10
400874668,2016,"October 2, 2016",Chicago Bears,Detroit Lions,"1-3, 1-1 Home","1-3, 1-2 Away",17,14,,,Final,FOX,7,0,7,3,,0,3,3,8,,4,NFL,23.0,16.0,408.0,263.0,294.0,197.0,114.0,66.0,8-55,10-76,0.0,2.0,33:14,26:46,5-13,4-12,0-1,0-0,28-36,23-36,7.7,5.2,0.0,2.0,29.0,18.0,3.9,3.7,0.0,0.0,67.0,56.0,11.0,9.0,6.1,4.7,2-3,0-1,0.0,0.0,16.0,9.0,6.0,5.0,1.0,2.0,2-8,2-16
400874708,2016,"October 16, 2016",Chicago Bears,Jacksonville Jaguars,"1-5, 1-2 Home","2-3, 1-1 Away",16,17,,,Final,CBS,0,10,3,3,,0,0,0,17,,6,NFL,22.0,20.0,389.0,317.0,297.0,263.0,92.0,54.0,10-87,5-50,0.0,2.0,35:47,24:13,7-17,2-10,0-1,0-0,30-49,20-33,5.9,7.5,0.0,1.0,27.0,20.0,3.4,2.7,0.0,1.0,77.0,55.0,11.0,12.0,5.1,5.8,1-4,1-3,0.0,0.0,16.0,12.0,5.0,3.0,1.0,5.0,1-5,2-8
400874652,2016,"October 31, 2016",Chicago Bears,Minnesota Vikings,"2-6, 2-2 Home","5-2, 2-2 Away",20,10,,,Final,ESPN,3,10,7,0,,0,3,0,7,,8,NFL,19.0,15.0,403.0,258.0,245.0,201.0,158.0,57.0,2-20,1-10,0.0,0.0,32:41,27:19,7-14,2-13,0-0,2-2,20-31,23-37,7.7,4.8,0.0,0.0,29.0,18.0,5.4,3.2,0.0,0.0,61.0,60.0,10.0,10.0,6.6,4.3,2-4,0-1,0.0,0.0,12.0,13.0,7.0,1.0,0.0,1.0,1-7,5-27
400874578,2016,"November 13, 2016",Tampa Bay Buccaneers,Chicago Bears,"4-5, 1-4 Home","2-7, 0-5 Away",36,10,,,Final,FOX,7,10,12,7,,3,7,0,0,,10,NFL,22.0,15.0,360.0,283.0,280.0,161.0,80.0,122.0,9-85,9-74,1.0,4.0,37:09,22:51,8-15,2-11,0-0,0-0,23-33,16-30,7.6,4.7,1.0,2.0,31.0,20.0,2.6,6.1,0.0,2.0,68.0,54.0,11.0,13.0,5.3,5.2,2-4,0-1,2.0,0.0,17.0,8.0,2.0,6.0,3.0,1.0,4-32,4-21
400874643,2016,"January 1, 2017",Minnesota Vikings,Chicago Bears,"8-8, 5-3 Home","3-13, 0-8 Away",38,10,,,Final,FOX,7,17,0,14,,0,10,0,0,,17,NFL,21.0,19.0,374.0,323.0,250.0,140.0,124.0,183.0,2-15,6-49,1.0,5.0,30:12,29:48,6-12,2-9,0-1,1-2,25-34,13-20,7.4,6.4,1.0,2.0,28.0,37.0,4.4,4.9,0.0,3.0,62.0,59.0,10.0,10.0,6.0,5.5,3-4,1-4,2.0,0.0,15.0,9.0,5.0,10.0,1.0,0.0,0-0,2-9
400874507,2016,"November 27, 2016",Chicago Bears,Tennessee Titans,"2-9, 2-3 Home","6-6, 3-3 Away",21,27,,,Final,CBS,7,0,0,14,,7,14,3,3,,12,NFL,25.0,18.0,411.0,375.0,316.0,226.0,95.0,149.0,7-48,6-118,2.0,0.0,30:35,29:25,9-17,5-11,1-3,0-0,28-54,15-23,5.9,9.8,2.0,0.0,22.0,29.0,4.3,5.1,0.0,0.0,76.0,52.0,11.0,11.0,5.4,7.2,3-6,2-4,0.0,0.0,20.0,9.0,3.0,7.0,2.0,2.0,0-0,0-0
400874568,2016,"December 11, 2016",Detroit Lions,Chicago Bears,"9-4, 6-1 Home","3-10, 0-7 Away",20,17,,,Final,CBS,0,10,3,7,,3,0,7,7,,14,NFL,25.0,16.0,323.0,296.0,209.0,204.0,114.0,92.0,7-55,11-139,2.0,0.0,34:17,25:43,6-12,4-10,0-0,0-1,21-35,20-32,5.5,6.2,2.0,0.0,28.0,17.0,4.1,5.4,0.0,0.0,66.0,50.0,9.0,8.0,4.9,5.9,2-4,0-1,0.0,1.0,13.0,10.0,7.0,5.0,5.0,1.0,3-14,1-8
400874534,2016,"December 24, 2016",Chicago Bears,Washington Redskins,"3-12, 3-5 Home","8-6-1, 4-3-1 Away",21,41,,,Final,FOX,0,14,0,7,,14,10,7,10,,16,NFL,31.0,21.0,458.0,478.0,318.0,270.0,140.0,208.0,4-52,7-73,5.0,0.0,27:25,32:35,7-10,8-13,1-1,0-1,24-40,18-29,7.8,9.3,5.0,0.0,26.0,35.0,5.4,5.9,0.0,0.0,67.0,64.0,11.0,11.0,6.8,7.5,2-3,4-7,0.0,0.0,18.0,9.0,10.0,10.0,3.0,2.0,1-5,0-0
400874754,2016,"August 18, 2016",New England Patriots,Chicago Bears,"2-0, 2-0 Home","0-2, 0-1 Away",23,22,,,Final,,0,17,6,0,,11,0,0,11,,2,NFL,23.0,17.0,373.0,331.0,259.0,206.0,114.0,125.0,9-66,7-51,1.0,1.0,32:03,27:57,2-10,5-14,1-1,2-3,25-34,16-32,7.0,6.2,0.0,1.0,26.0,30.0,4.4,4.2,1.0,0.0,63.0,63.0,10.0,11.0,5.9,5.3,2-5,1-4,0.0,0.0,14.0,8.0,7.0,6.0,2.0,3.0,3-9,1-4
400874511,2016,"September 11, 2016",Houston Texans,Chicago Bears,"1-0, 1-0 Home","0-1, 0-1 Away",23,14,,,Final,FOX,0,10,3,10,,7,7,0,0,,1,NFL,17.0,14.0,344.0,258.0,215.0,185.0,129.0,73.0,6-69,4-30,1.0,1.0,36:19,23:41,12-20,4-13,0-0,0-2,22-35,16-29,5.8,5.4,1.0,1.0,35.0,20.0,3.7,3.7,0.0,0.0,72.0,54.0,13.0,12.0,4.8,4.8,1-3,2-2,0.0,0.0,12.0,10.0,5.0,3.0,0.0,1.0,2-16,5-31
400874548,2016,"October 9, 2016",Indianapolis Colts,Chicago Bears,"2-3, 2-1 Home","1-4, 0-3 Away",29,23,,,Final,FOX,3,13,3,10,,3,10,0,10,,5,NFL,20.0,25.0,396.0,522.0,298.0,397.0,98.0,125.0,9-68,10-80,0.0,1.0,29:55,30:05,3-12,2-9,1-1,0-1,28-39,33-43,6.8,9.2,0.0,0.0,21.0,19.0,4.7,6.6,0.0,1.0,65.0,62.0,11.0,11.0,6.1,8.4,1-2,1-3,0.0,0.0,14.0,17.0,5.0,7.0,1.0,1.0,5-24,0-0
400874429,2016,"October 20, 2016",Green Bay Packers,Chicago Bears,"4-2, 3-1 Home","1-6, 0-4 Away",26,10,,,Final,CBS,3,3,7,13,,0,3,7,0,,7,NFL,32.0,13.0,406.0,189.0,303.0,120.0,103.0,69.0,9-56,10-108,1.0,2.0,39:36,20:24,9-16,2-8,1-2,0-0,39-56,10-26,5.2,4.4,0.0,2.0,23.0,18.0,4.5,3.8,1.0,0.0,81.0,45.0,10.0,9.0,5.0,4.2,3-6,0-0,0.0,2.0,21.0,9.0,5.0,3.0,6.0,1.0,2-23,1-10
400874691,2016,"November 20, 2016",New York Giants,Chicago Bears,"7-3, 5-1 Home","2-8, 0-6 Away",22,16,,,Final,FOX,6,3,13,0,,9,7,0,0,,11,NFL,19.0,17.0,329.0,315.0,227.0,222.0,102.0,93.0,4-35,5-40,0.0,1.0,29:31,30:29,5-14,4-12,2-2,0-0,21-36,17-30,6.3,6.5,0.0,1.0,29.0,25.0,3.5,3.7,0.0,0.0,65.0,59.0,12.0,11.0,5.1,5.3,3-3,2-2,0.0,0.0,11.0,10.0,7.0,6.0,1.0,1.0,0-0,4-30
400874723,2016,"December 4, 2016",Chicago Bears,San Francisco 49ers,"3-9, 3-3 Home","1-11, 0-6 Away",26,6,,,Final,FOX,0,7,14,5,,0,6,0,0,,13,NFL,19.0,10.0,326.0,147.0,184.0,6.0,142.0,141.0,5-40,11-106,1.0,0.0,31:18,28:42,6-14,4-14,0-0,0-0,11-18,5-15,9.7,0.3,0.0,0.0,40.0,34.0,3.6,4.1,1.0,0.0,59.0,55.0,12.0,12.0,5.5,2.7,3-4,0-2,0.0,0.0,9.0,2.0,8.0,7.0,2.0,1.0,1-8,6-33
400874678,2016,"December 18, 2016",Chicago Bears,Green Bay Packers,"3-11, 3-4 Home","8-6, 3-4 Away",27,30,,,Final,FOX,0,10,0,17,,7,3,17,3,,15,NFL,29.0,20.0,449.0,451.0,354.0,225.0,95.0,226.0,6-40,8-64,4.0,0.0,27:13,32:47,3-8,3-10,0-0,0-1,30-43,19-31,8.0,6.4,3.0,0.0,19.0,23.0,5.0,9.8,1.0,0.0,63.0,58.0,11.0,11.0,7.1,7.8,3-5,2-5,0.0,0.0,21.0,9.0,5.0,9.0,3.0,2.0,1-8,4-27
400874766,2016,"September 1, 2016",Cleveland Browns,Chicago Bears,"0-4, 0-2 Home","1-3, 1-1 Away",7,21,,,Final,,7,0,0,0,,3,9,3,6,,4,NFL,15.0,21.0,187.0,318.0,124.0,167.0,63.0,151.0,9-89,5-26,1.0,1.0,27:39,32:21,3-15,6-14,1-1,0-1,22-40,16-26,2.9,5.8,1.0,0.0,16.0,37.0,3.9,4.1,0.0,1.0,59.0,66.0,12.0,11.0,3.2,4.8,1-2,2-5,0.0,0.0,9.0,8.0,3.0,12.0,3.0,1.0,3-20,3-14
400874650,2016,"September 25, 2016",Dallas Cowboys,Chicago Bears,"2-1, 1-1 Home","0-3, 0-2 Away",31,17,,,Final,NBC,10,14,0,7,,0,3,7,7,,3,NFL,25.0,21.0,447.0,390.0,248.0,312.0,199.0,78.0,4-45,6-45,1.0,2.0,35:19,24:41,5-11,2-10,1-1,1-1,19-24,30-49,10.3,6.2,0.0,0.0,41.0,14.0,4.9,5.6,1.0,2.0,65.0,64.0,10.0,11.0,6.9,6.1,4-4,2-4,0.0,0.0,10.0,18.0,14.0,3.0,1.0,0.0,0-0,1-5
400874786,2016,"August 27, 2016",Chicago Bears,Kansas City Chiefs,"1-3, 0-2 Home","2-2, 1-1 Away",7,23,,,Final,,0,0,0,7,,0,13,7,3,,3,NFL,15.0,23.0,223.0,378.0,164.0,298.0,59.0,80.0,6-45,6-65,0.0,1.0,22:50,37:10,3-13,9-17,2-4,1-1,19-38,31-46,4.1,6.2,0.0,1.0,19.0,25.0,3.1,3.2,0.0,0.0,59.0,73.0,10.0,10.0,3.8,5.2,1-1,2-5,0.0,0.0,9.0,16.0,6.0,6.0,0.0,1.0,2-20,2-7
400951750,2017,"December 31, 2017",Minnesota Vikings,Chicago Bears,"13-3, 7-1 Home","5-11, 2-6 Away",23,10,,,Final,FOX,7,9,7,0,,0,7,0,3,,17,NFL,21.0,12.0,327.0,201.0,180.0,171.0,147.0,30.0,12-103,10-116,0.0,0.0,35:55,24:05,5-13,1-12,0-0,0-2,21-29,20-37,5.8,4.5,0.0,0.0,36.0,15.0,4.1,2.0,0.0,0.0,67.0,53.0,13.0,11.0,4.9,3.8,3-3,0-2,0.0,0.0,9.0,7.0,8.0,2.0,4.0,3.0,2-9,1-7
400951645,2017,"September 17, 2017",Tampa Bay Buccaneers,Chicago Bears,"1-0, 1-0 Home","0-2, 0-1 Away",29,7,,,Final,FOX,10,16,0,3,,0,0,0,7,,2,NFL,22.0,19.0,311.0,310.0,194.0,290.0,117.0,20.0,4-34,8-59,1.0,4.0,33:11,26:49,8-15,7-14,0-0,0-2,18-31,31-45,5.9,6.3,0.0,2.0,34.0,16.0,3.4,1.3,1.0,2.0,67.0,62.0,10.0,9.0,4.6,5.0,2-5,1-3,2.0,0.0,13.0,16.0,6.0,1.0,3.0,2.0,2-10,1-11
400951678,2017,"September 28, 2017",Green Bay Packers,Chicago Bears,"3-1, 3-0 Home","1-3, 0-2 Away",35,14,,,Final,CBS,14,7,7,7,,0,7,0,7,,4,NFL,17.0,20.0,260.0,308.0,169.0,205.0,91.0,103.0,7-55,8-62,0.0,4.0,28:09,31:51,7-14,5-12,1-1,2-2,19-27,21-33,5.8,6.0,0.0,2.0,24.0,30.0,3.8,3.4,0.0,2.0,53.0,64.0,11.0,11.0,4.9,4.8,5-5,2-2,0.0,0.0,9.0,11.0,5.0,7.0,3.0,2.0,2-10,1-13
400951699,2017,"October 15, 2017",Baltimore Ravens,Chicago Bears,"3-3, 1-2 Home","2-4, 1-2 Away",24,27,,,Final/OT,FOX,0,3,7,14,0.0,0,10,7,7,3.0,6,NFL,16.0,18.0,291.0,342.0,166.0,111.0,125.0,231.0,8-69,5-44,3.0,2.0,31:09,36:45,3-18,5-17,1-1,0-0,24-41,9-17,3.8,5.3,2.0,0.0,26.0,54.0,4.8,4.3,1.0,2.0,70.0,75.0,15.0,16.0,4.2,4.6,0-2,0-1,2.0,2.0,9.0,5.0,5.0,10.0,2.0,3.0,3-14,4-23
400951717,2017,"October 29, 2017",New Orleans Saints,Chicago Bears,"5-2, 2-1 Home","3-5, 1-3 Away",20,12,,,Final,FOX,7,7,0,6,,0,3,3,6,,8,NFL,19.0,17.0,387.0,307.0,286.0,150.0,101.0,157.0,7-51,4-31,2.0,1.0,31:23,28:37,2-9,8-17,0-0,0-1,23-28,14-32,9.5,4.4,0.0,1.0,30.0,31.0,3.4,5.1,2.0,0.0,60.0,65.0,12.0,11.0,6.4,4.7,2-3,1-2,0.0,0.0,11.0,9.0,7.0,6.0,1.0,2.0,2-13,2-14
400951559,2017,"November 12, 2017",Chicago Bears,Green Bay Packers,"3-6, 2-3 Home","5-4, 2-2 Away",16,23,,,Final,FOX,3,3,0,10,,3,7,3,10,,10,NFL,14.0,18.0,323.0,342.0,268.0,182.0,55.0,160.0,8-78,5-35,1.0,0.0,26:07,33:53,4-14,7-16,0-1,1-1,21-35,18-25,6.7,6.5,0.0,0.0,17.0,37.0,3.2,4.3,1.0,0.0,57.0,65.0,11.0,11.0,5.7,5.3,0-0,1-3,0.0,0.0,12.0,10.0,1.0,6.0,1.0,2.0,5-29,3-30
400951564,2017,"December 10, 2017",Cincinnati Bengals,Chicago Bears,"5-8, 3-4 Home","4-9, 2-4 Away",7,33,,,Final,FOX,7,0,0,0,,6,6,7,14,,14,NFL,14.0,29.0,234.0,482.0,164.0,250.0,70.0,232.0,7-56,10-74,2.0,0.0,21:51,38:09,3-12,4-11,0-2,1-2,18-37,25-32,4.1,7.4,1.0,0.0,13.0,38.0,5.4,6.1,1.0,0.0,53.0,72.0,11.0,11.0,4.4,6.7,1-1,3-5,0.0,0.0,9.0,14.0,3.0,13.0,2.0,2.0,3-24,2-21
400951617,2017,"December 24, 2017",Chicago Bears,Cleveland Browns,"5-10, 3-5 Home","0-15, 0-7 Away",20,3,,,Final,CBS,6,0,14,0,,0,3,0,0,,16,NFL,16.0,12.0,258.0,254.0,161.0,178.0,97.0,76.0,4-25,8-60,0.0,3.0,33:14,26:46,7-16,4-13,1-1,0-1,14-23,18-36,5.8,4.8,0.0,2.0,31.0,20.0,3.1,3.8,0.0,1.0,59.0,57.0,12.0,12.0,4.4,4.5,3-3,0-0,0.0,0.0,7.0,8.0,7.0,4.0,2.0,0.0,5-32,1-4
400951798,2017,"August 19, 2017",Arizona Cardinals,Chicago Bears,"1-2, 1-1 Home","1-1, 1-0 Away",23,24,,,Final,,0,7,7,9,,3,14,0,7,,2,NFL,22.0,23.0,292.0,267.0,252.0,165.0,40.0,102.0,8-83,7-48,1.0,2.0,26:59,33:01,7-15,4-10,2-2,0-0,25-45,21-28,5.4,5.7,1.0,1.0,19.0,31.0,2.1,3.3,0.0,1.0,66.0,60.0,11.0,10.0,4.4,4.4,3-3,2-3,0.0,2.0,17.0,13.0,2.0,6.0,3.0,4.0,2-6,1-7
400951570,2017,"September 10, 2017",Chicago Bears,Atlanta Falcons,"0-1, 0-1 Home","1-0, 1-0 Away",17,23,,,Final,FOX,0,10,0,7,,3,7,3,10,,1,NFL,20.0,18.0,301.0,372.0,176.0,308.0,125.0,64.0,4-40,8-73,0.0,0.0,29:26,30:34,5-13,5-11,1-2,0-0,26-40,21-30,4.0,9.6,0.0,0.0,19.0,23.0,6.6,2.8,0.0,0.0,63.0,55.0,9.0,10.0,4.8,6.8,2-3,1-3,0.0,0.0,11.0,12.0,6.0,4.0,3.0,2.0,4-37,2-13
400951610,2017,"November 26, 2017",Philadelphia Eagles,Chicago Bears,"10-1, 6-0 Home","3-8, 1-4 Away",31,3,,,Final,FOX,7,17,0,7,,0,0,3,0,,12,NFL,24.0,8.0,420.0,140.0,244.0,134.0,176.0,6.0,11-70,9-56,3.0,2.0,37:08,22:52,7-16,3-13,3-4,0-2,26-39,17-33,6.1,3.8,0.0,2.0,33.0,14.0,5.3,0.4,3.0,0.0,73.0,49.0,11.0,12.0,5.8,2.9,3-5,0-0,1.0,0.0,14.0,6.0,8.0,1.0,2.0,1.0,1-4,2-13
400951691,2017,"October 9, 2017",Chicago Bears,Minnesota Vikings,"1-4, 1-2 Home","3-2, 1-1 Away",17,20,,,Final,ESPN,2,0,7,8,,0,3,14,3,,5,NFL,16.0,17.0,274.0,300.0,159.0,141.0,115.0,159.0,8-55,9-69,2.0,0.0,28:36,31:24,3-12,6-15,1-1,0-0,13-26,22-32,5.9,3.9,1.0,0.0,29.0,31.0,4.0,5.1,1.0,0.0,56.0,67.0,12.0,12.0,4.9,4.5,0-0,1-3,0.0,0.0,7.0,10.0,5.0,5.0,4.0,2.0,1-7,4-35
400951578,2017,"October 22, 2017",Chicago Bears,Carolina Panthers,"3-4, 2-2 Home","4-3, 3-1 Away",17,3,,,Final,CBS,7,10,0,0,,0,3,0,0,,7,NFL,5.0,20.0,153.0,293.0,85.0,185.0,68.0,108.0,5-40,4-35,0.0,3.0,21:25,38:35,2-11,6-15,0-0,0-1,4-7,21-34,7.7,4.7,0.0,2.0,26.0,30.0,2.6,3.6,0.0,1.0,37.0,69.0,9.0,11.0,4.1,4.2,0-1,0-2,4.0,0.0,2.0,12.0,3.0,7.0,0.0,1.0,4-22,5-26
400951701,2017,"November 19, 2017",Chicago Bears,Detroit Lions,"3-7, 2-4 Home","6-4, 4-1 Away",24,27,,,Final,FOX,10,7,0,7,,0,21,0,6,,11,NFL,25.0,20.0,398.0,352.0,176.0,287.0,222.0,65.0,5-64,6-49,1.0,1.0,29:24,30:36,3-9,3-10,1-1,0-0,18-30,21-31,5.7,8.4,0.0,0.0,30.0,24.0,7.4,2.7,1.0,1.0,61.0,58.0,11.0,10.0,6.5,6.1,3-4,1-2,0.0,2.0,11.0,14.0,12.0,4.0,2.0,2.0,1-3,3-12
400951707,2017,"December 3, 2017",Chicago Bears,San Francisco 49ers,"3-9, 2-5 Home","2-10, 1-5 Away",14,15,,,Final,CBS,7,7,0,0,,3,6,3,3,,13,NFL,8.0,23.0,147.0,388.0,85.0,278.0,62.0,110.0,4-29,8-53,0.0,1.0,21:13,38:47,5-10,10-18,0-0,0-0,12-15,26-37,5.0,7.1,0.0,1.0,19.0,34.0,3.3,3.2,0.0,0.0,36.0,73.0,8.0,8.0,4.1,5.3,1-1,0-5,1.0,0.0,6.0,16.0,2.0,6.0,0.0,1.0,2-17,2-15
400951768,2017,"December 16, 2017",Detroit Lions,Chicago Bears,"8-6, 3-4 Home","4-10, 2-5 Away",20,10,,,Final,NFL,3,10,7,0,,0,3,0,7,,15,NFL,18.0,22.0,293.0,349.0,202.0,306.0,91.0,43.0,8-58,13-97,1.0,3.0,29:05,30:55,6-13,5-12,0-0,0-1,25-33,31-46,5.5,6.4,0.0,3.0,20.0,15.0,4.6,2.9,1.0,0.0,57.0,63.0,11.0,10.0,5.1,5.5,2-3,1-2,0.0,0.0,13.0,16.0,1.0,4.0,4.0,2.0,4-35,2-8
400951835,2017,"August 10, 2017",Chicago Bears,Denver Broncos,"0-1, 0-1 Home","1-0, 1-0 Away",17,24,,,Final,NFL,0,7,7,3,,10,0,0,14,,1,NFL,23.0,14.0,363.0,281.0,190.0,175.0,173.0,106.0,8-81,10-76,2.0,0.0,32:38,27:22,6-14,4-11,0-0,0-1,21-37,17-22,5.1,7.3,1.0,0.0,36.0,26.0,4.8,4.1,1.0,0.0,73.0,50.0,11.0,10.0,5.0,5.6,2-3,0-0,0.0,1.0,12.0,8.0,10.0,3.0,1.0,3.0,0-0,2-12
400950233,2017,"August 27, 2017",Tennessee Titans,Chicago Bears,"1-2, 1-1 Home","2-1, 2-0 Away",7,19,,,Final,FOX,0,0,0,7,,7,5,0,7,,3,NFL,19.0,25.0,357.0,366.0,278.0,270.0,79.0,96.0,8-69,7-35,1.0,1.0,27:13,32:47,3-12,7-14,1-2,0-0,20-34,23-36,7.3,7.1,0.0,0.0,22.0,28.0,3.6,3.4,1.0,1.0,60.0,66.0,10.0,10.0,6.0,5.5,1-1,1-1,0.0,0.0,14.0,13.0,4.0,9.0,1.0,3.0,4-37,2-14
400951822,2017,"August 31, 2017",Chicago Bears,Cleveland Browns,"2-2, 0-2 Home","4-0, 2-0 Away",0,25,,,Final,,0,0,0,0,,0,7,12,6,,4,NFL,9.0,20.0,158.0,380.0,91.0,302.0,67.0,78.0,5-41,12-81,0.0,0.0,25:37,34:23,4-14,7-15,0-1,0-0,13-23,24-37,3.4,7.2,0.0,0.0,25.0,24.0,2.7,3.3,0.0,0.0,52.0,66.0,0.0,0.0,3.0,5.8,0-1,1-1,0.0,0.0,4.0,16.0,1.0,3.0,4.0,1.0,4-29,5-22
400951590,2017,"September 24, 2017",Chicago Bears,Pittsburgh Steelers,"1-2, 1-1 Home","2-1, 1-1 Away",23,17,,,Final/OT,CBS,7,10,0,0,6.0,0,7,7,3,0.0,3,NFL,18.0,19.0,306.0,282.0,84.0,212.0,222.0,70.0,10-73,6-40,2.0,2.0,33:59,27:34,4-12,4-11,0-0,0-0,15-22,22-39,3.5,5.0,1.0,0.0,38.0,17.0,5.8,4.1,1.0,2.0,62.0,59.0,13.0,11.0,4.9,4.8,3-4,2-4,0.0,0.0,4.0,11.0,13.0,6.0,1.0,2.0,2-17,3-23
401030832,2018,"October 21, 2018",Chicago Bears,New England Patriots,"3-3, 2-1 Home","5-2, 1-2 Away",31,38,NE -1.5,50.0,Final,CBS,10,7,7,7,,7,14,10,7,,7,NFL,29.0,21.0,453.0,381.0,319.0,273.0,134.0,108.0,5-40,7-64,2.0,3.0,30:09,29:51,8-16,6-13,1-1,1-1,26-50,25-36,6.1,7.4,2.0,1.0,25.0,27.0,5.4,4.0,0.0,2.0,77.0,64.0,14.0,12.0,5.9,6.0,4-4,3-4,0.0,2.0,18.0,15.0,7.0,5.0,4.0,1.0,2-14,1-4
401030769,2018,"November 4, 2018",Buffalo Bills,Chicago Bears,"2-7, 1-3 Home","5-3, 2-2 Away",9,41,CHI -10.0,38.0,Final,FOX,0,0,3,6,,0,28,3,10,,9,NFL,22.0,11.0,264.0,190.0,166.0,126.0,98.0,64.0,10-163,14-129,4.0,1.0,34:03,25:57,6-18,3-11,1-3,0-0,31-49,12-20,3.1,6.0,3.0,1.0,28.0,25.0,3.5,2.6,1.0,0.0,81.0,46.0,14.0,12.0,3.3,4.1,1-1,3-4,0.0,4.0,9.0,5.0,6.0,4.0,7.0,2.0,4-22,1-9
401030903,2018,"November 18, 2018",Chicago Bears,Minnesota Vikings,"7-3, 5-1 Home","5-4-1, 2-2-1 Away",25,20,CHI -2.5,44.0,Final,NBC,3,11,0,11,,0,0,3,17,,11,NFL,24.0,19.0,308.0,268.0,160.0,246.0,148.0,22.0,5-46,4-50,3.0,3.0,34:29,25:31,6-12,5-12,0-0,1-1,20-31,30-46,5.0,5.1,2.0,2.0,39.0,14.0,3.8,1.6,1.0,1.0,71.0,62.0,11.0,11.0,4.3,4.3,1-2,2-5,2.0,0.0,12.0,15.0,8.0,2.0,4.0,2.0,1-5,2-16
401030953,2018,"December 2, 2018",New York Giants,Chicago Bears,"4-8, 2-4 Home","8-4, 3-3 Away",30,27,CHI -3.5,44.0,Final/OT,FOX,7,3,14,3,3.0,7,7,0,13,0.0,13,NFL,18.0,23.0,338.0,376.0,197.0,258.0,141.0,118.0,12-107,8-58,1.0,3.0,33:13,33:58,6-17,2-15,2-2,4-5,20-36,27-40,5.1,5.7,1.0,2.0,29.0,32.0,4.9,3.7,0.0,1.0,68.0,77.0,13.0,15.0,5.0,4.9,1-2,3-5,2.0,0.0,13.0,13.0,4.0,5.0,1.0,5.0,3-22,5-28
401038954,2018,"January 6, 2019",Chicago Bears,Philadelphia Eagles,"12-4, 7-1 Home","9-7, 4-4 Away",15,16,EVEN,32.0,Final,NBC,0,6,0,9,,3,0,7,6,,WC,NFL,17.0,21.0,356.0,300.0,291.0,258.0,65.0,42.0,3-52,3-25,0.0,2.0,29:12,30:48,5-16,6-13,0-0,1-1,26-43,25-40,6.5,6.3,0.0,2.0,18.0,23.0,3.6,1.8,0.0,0.0,63.0,64.0,11.0,11.0,5.7,4.7,0-3,2-3,0.0,0.0,12.0,17.0,3.0,2.0,2.0,2.0,2-12,1-8
401029218,2018,"August 2, 2018",Baltimore Ravens,Chicago Bears,1-0,0-1,17,16,BAL -2.0,35.0,Final,NBC,10,0,7,0,,7,0,0,9,,HOF,NFL,15.0,19.0,194.0,276.0,81.0,211.0,113.0,65.0,6-70,7-52,2.0,4.0,31:30,28:30,4-16,6-17,0-0,1-3,17-27,26-50,2.3,3.9,2.0,2.0,31.0,19.0,3.6,3.4,0.0,2.0,66.0,73.0,15.0,14.0,2.9,3.8,2-4,2-5,0.0,0.0,8.0,12.0,6.0,3.0,1.0,4.0,8-47,4-23
401030991,2018,"August 18, 2018",Denver Broncos,Chicago Bears,"0-2, 0-2 Home","1-2, 1-2 Away",23,24,DEN -3.0,44.0,Final,,5,15,3,0,,0,10,0,14,,2,NFL,21.0,24.0,296.0,328.0,192.0,273.0,104.0,55.0,14-144,14-149,1.0,1.0,32:26,27:34,7-15,4-12,0-0,1-1,20-33,28-42,5.2,6.2,0.0,1.0,27.0,23.0,3.9,2.4,1.0,0.0,64.0,67.0,11.0,11.0,4.6,4.9,2-4,3-4,0.0,0.0,9.0,14.0,7.0,4.0,5.0,6.0,4-15,2-6
401030801,2018,"September 23, 2018",Arizona Cardinals,Chicago Bears,"0-3, 0-2 Home","2-1, 1-1 Away",14,16,CHI -5.5,39.0,Final,FOX,14,0,0,0,,0,3,10,3,,3,NFL,13.0,21.0,221.0,316.0,168.0,194.0,53.0,122.0,6-43,7-45,4.0,2.0,23:39,36:21,3-10,5-14,0-1,1-1,17-26,24-35,5.6,5.1,3.0,1.0,18.0,31.0,2.9,3.9,1.0,1.0,48.0,69.0,11.0,11.0,4.6,4.6,0-0,1-3,0.0,0.0,8.0,11.0,3.0,7.0,2.0,3.0,4-25,3-26
401030893,2018,"December 16, 2018",Chicago Bears,Green Bay Packers,"10-4, 7-1 Home","5-8-1, 0-7 Away",24,17,CHI -6.0,47.0,Final,FOX,7,7,0,10,,0,3,11,3,,15,NFL,19.0,19.0,332.0,323.0,232.0,235.0,100.0,88.0,4-24,7-48,1.0,1.0,30:23,29:37,3-10,5-14,0-1,1-1,20-28,25-42,8.0,5.0,0.0,1.0,29.0,19.0,3.4,4.6,1.0,0.0,58.0,66.0,11.0,11.0,5.7,4.9,3-4,1-4,0.0,0.0,11.0,15.0,6.0,4.0,2.0,0.0,1-3,5-39
401030726,2018,"September 9, 2018",Green Bay Packers,Chicago Bears,"1-0, 1-0 Home","0-1, 0-1 Away",24,23,GB -7.0,45.0,Final,NBC,0,0,3,21,,7,10,3,3,,1,NFL,16.0,18.0,370.0,294.0,301.0,155.0,69.0,139.0,8-72,5-35,2.0,1.0,26:38,33:22,5-13,7-17,0-1,0-2,24-37,23-35,7.3,4.0,1.0,0.0,18.0,27.0,3.8,5.1,1.0,1.0,59.0,66.0,12.0,10.0,6.3,4.5,1-2,1-4,0.0,2.0,14.0,8.0,2.0,7.0,0.0,3.0,4-40,4-16
401030739,2018,"September 17, 2018",Chicago Bears,Seattle Seahawks,"1-1, 1-0 Home","0-2, 0-2 Away",24,17,CHI -5.0,43.0,Final,ESPN,7,3,0,14,,0,3,0,14,,2,NFL,20.0,17.0,271.0,276.0,185.0,202.0,86.0,74.0,7-55,5-37,2.0,2.0,34:24,25:36,5-12,5-13,1-1,0-0,25-34,22-36,5.1,4.8,2.0,1.0,27.0,22.0,3.2,3.4,0.0,1.0,63.0,64.0,11.0,12.0,4.3,4.3,2-3,2-2,2.0,0.0,11.0,10.0,7.0,6.0,2.0,1.0,2-15,6-24
401030990,2018,"August 9, 2018",Cincinnati Bengals,Chicago Bears,"1-0, 1-0 Home","0-2, 0-2 Away",30,27,CIN -1.0,36.0,Final,,14,9,0,7,,7,7,6,7,,1,NFL,22.0,25.0,447.0,423.0,303.0,291.0,144.0,132.0,10-98,8-85,1.0,3.0,29:10,30:50,4-14,5-13,1-1,1-1,21-36,28-43,8.2,6.6,1.0,2.0,28.0,25.0,5.1,5.3,0.0,1.0,65.0,69.0,13.0,12.0,6.9,6.1,1-4,2-3,0.0,1.0,13.0,15.0,5.0,6.0,4.0,4.0,1-4,1-8
401030901,2018,"December 23, 2018",San Francisco 49ers,Chicago Bears,"4-11, 4-4 Home","11-4, 4-3 Away",9,14,CHI -3.5,44.0,Final,FOX,0,9,0,0,,0,7,7,0,,16,NFL,15.0,20.0,279.0,325.0,232.0,235.0,47.0,90.0,6-45,4-30,1.0,2.0,24:30,35:30,7-14,5-11,0-1,1-1,22-38,25-29,5.9,7.3,1.0,0.0,15.0,28.0,3.1,3.2,0.0,2.0,54.0,60.0,9.0,9.0,5.2,5.4,0-3,2-3,0.0,0.0,11.0,12.0,4.0,6.0,0.0,2.0,1-9,3-11
401030817,2018,"December 9, 2018",Chicago Bears,Los Angeles Rams,"9-4, 6-1 Home","11-2, 5-2 Away",15,6,LAR -3.0,51.0,Final,NBC,3,3,9,0,,3,3,0,0,,14,NFL,17.0,14.0,294.0,214.0,100.0,162.0,194.0,52.0,6-45,9-57,3.0,4.0,36:49,23:11,7-16,3-12,0-0,1-3,16-30,21-45,3.2,3.4,3.0,4.0,35.0,13.0,5.5,4.0,0.0,0.0,66.0,61.0,12.0,13.0,4.5,3.5,1-3,0-2,0.0,0.0,6.0,9.0,9.0,5.0,2.0,0.0,1-10,3-25
401030905,2018,"November 22, 2018",Detroit Lions,Chicago Bears,"4-7, 3-3 Home","8-3, 3-2 Away",16,23,CHI -3.0,43.0,Final,CBS,0,7,6,3,,0,9,0,14,,12,NFL,17.0,19.0,333.0,264.0,222.0,226.0,111.0,38.0,5-54,3-20,2.0,1.0,32:46,27:14,5-14,3-10,1-2,0-0,28-38,28-38,5.6,5.4,2.0,0.0,24.0,15.0,4.6,2.5,0.0,1.0,64.0,57.0,11.0,10.0,5.2,4.6,2-4,2-2,0.0,2.0,12.0,13.0,4.0,3.0,1.0,3.0,2-14,4-12
401030810,2018,"November 11, 2018",Chicago Bears,Detroit Lions,"6-3, 4-1 Home","3-6, 1-4 Away",34,22,CHI -7.0,45.0,Final,FOX,13,13,8,0,,0,7,3,12,,10,NFL,20.0,24.0,402.0,305.0,348.0,229.0,54.0,76.0,6-46,6-41,0.0,3.0,28:00,32:00,4-10,4-15,0-0,4-5,23-30,25-42,11.2,4.8,0.0,2.0,22.0,24.0,2.5,3.2,0.0,1.0,53.0,72.0,11.0,12.0,7.6,4.2,2-3,3-3,0.0,0.0,13.0,14.0,3.0,7.0,4.0,3.0,1-7,6-45
401030747,2018,"October 28, 2018",Chicago Bears,New York Jets,"4-3, 3-1 Home","3-5, 1-3 Away",24,10,CHI -8.5,43.0,Final,CBS,7,0,7,10,,0,3,0,7,,8,NFL,22.0,12.0,395.0,207.0,216.0,150.0,179.0,57.0,2-25,8-45,0.0,0.0,32:44,27:16,4-12,3-14,1-1,1-1,16-29,14-29,7.0,5.0,0.0,0.0,34.0,24.0,5.3,2.4,0.0,0.0,65.0,54.0,10.0,11.0,6.1,3.8,2-3,1-1,0.0,0.0,11.0,8.0,10.0,3.0,1.0,1.0,2-4,1-3
401030771,2018,"October 14, 2018",Miami Dolphins,Chicago Bears,"4-2, 3-0 Home","3-2, 1-2 Away",31,28,CHI -7.0,41.0,Final/OT,FOX,7,0,6,15,3.0,0,0,21,7,0.0,6,NFL,23.0,23.0,541.0,467.0,380.0,303.0,161.0,164.0,7-67,6-58,3.0,3.0,36:35,33:25,8-17,8-12,0-0,0-1,28-44,22-31,8.6,9.2,2.0,1.0,31.0,31.0,5.2,5.3,1.0,2.0,75.0,64.0,13.0,13.0,7.2,7.3,1-3,2-4,0.0,0.0,15.0,11.0,6.0,8.0,2.0,4.0,0-0,2-13
401030846,2018,"September 30, 2018",Chicago Bears,Tampa Bay Buccaneers,"3-1, 2-0 Home","2-2, 1-1 Away",48,10,CHI -3.0,47.0,Final,FOX,14,24,7,3,,0,3,0,7,,4,NFL,28.0,16.0,483.0,311.0,344.0,251.0,139.0,60.0,4-38,11-99,0.0,3.0,28:06,31:54,4-8,3-12,0-0,2-2,19-26,25-38,12.7,6.0,0.0,3.0,31.0,18.0,4.5,3.3,0.0,0.0,58.0,60.0,11.0,10.0,8.3,5.2,4-4,1-3,0.0,0.0,15.0,12.0,10.0,3.0,3.0,1.0,1-10,4-20
401030763,2018,"December 30, 2018",Minnesota Vikings,Chicago Bears,"8-7-1, 5-3 Home","12-4, 5-3 Away",10,24,MIN -6.0,40.0,Final,FOX,0,3,7,0,,7,6,0,11,,17,NFL,12.0,17.0,164.0,332.0,101.0,163.0,63.0,169.0,3-30,11-102,0.0,0.0,22:52,37:08,1-11,8-14,1-4,0-1,20-33,18-26,2.7,6.3,0.0,0.0,15.0,37.0,4.2,4.6,0.0,0.0,52.0,63.0,10.0,11.0,3.2,5.3,1-1,3-3,0.0,0.0,6.0,7.0,3.0,8.0,3.0,2.0,4-31,0-0
401030979,2018,"August 25, 2018",Chicago Bears,Kansas City Chiefs,"2-2, 1-0 Home","1-2, 1-1 Away",27,20,KC -6.5,43.0,Final,NFL,14,10,0,3,,7,3,0,10,,3,NFL,21.0,15.0,411.0,308.0,270.0,278.0,141.0,30.0,8-66,8-85,0.0,0.0,33:03,26:57,6-12,2-11,0-1,2-3,20-25,24-36,10.8,7.3,0.0,0.0,33.0,12.0,4.3,2.5,0.0,0.0,58.0,50.0,10.0,9.0,7.1,6.2,2-3,1-3,0.0,0.0,11.0,12.0,6.0,1.0,4.0,2.0,0-0,2-1
401029391,2018,"August 30, 2018",Chicago Bears,Buffalo Bills,"2-3, 1-1 Home","2-2, 2-0 Away",27,28,CHI -3.0,37.0,Final,,10,10,7,0,,0,0,3,25,,4,NFL,20.0,23.0,326.0,322.0,176.0,135.0,150.0,187.0,9-107,7-81,1.0,2.0,33:22,26:38,6-13,5-14,0-0,2-2,19-29,13-34,5.9,3.5,1.0,2.0,32.0,28.0,4.7,6.7,0.0,0.0,62.0,67.0,11.0,11.0,5.3,4.8,1-3,3-3,1.0,0.0,9.0,7.0,9.0,11.0,2.0,5.0,1-4,5-30
401128178,2019,"August 29, 2019",Chicago Bears,Tennessee Titans,"1-3, 0-2 Home","2-2, 2-0 Away",15,19,CHI -4.0,34.0,Final,,6,6,3,0,,0,6,3,10,,4,NFL,22.0,16.0,406.0,355.0,305.0,200.0,101.0,155.0,6-45,9-75,0.0,0.0,35:23,24:37,6-15,3-11,1-1,0-0,28-40,17-29,7.1,6.5,0.0,0.0,28.0,22.0,3.6,7.0,0.0,0.0,71.0,53.0,11.0,10.0,5.7,6.7,1-4,2-4,0.0,0.0,16.0,8.0,6.0,8.0,0.0,0.0,3-29,2-12
401128120,2019,"September 15, 2019",Denver Broncos,Chicago Bears,"0-2, 0-1 Home","1-1, 1-0 Away",14,16,CHI -3.0,41.0,Final,FOX,3,0,0,11,,0,6,7,3,,2,NFL,27.0,18.0,372.0,273.0,282.0,120.0,90.0,153.0,10-81,7-65,1.0,0.0,32:59,27:01,3-14,3-11,3-3,1-1,35-50,16-27,5.4,4.4,1.0,0.0,24.0,29.0,3.8,5.3,0.0,0.0,76.0,56.0,9.0,10.0,4.9,4.9,1-3,1-1,0.0,0.0,19.0,7.0,5.0,7.0,3.0,4.0,2-10,0-0
401128177,2019,"August 24, 2019",Indianapolis Colts,Chicago Bears,"0-3, 0-2 Home","1-2, 1-1 Away",17,27,IND -3.0,37.0,Final,,10,7,0,0,,0,10,10,7,,3,NFL,20.0,10.0,348.0,245.0,242.0,144.0,106.0,101.0,8-68,9-85,3.0,1.0,35:33,24:27,6-15,4-13,1-2,0-1,22-34,14-25,6.1,5.3,2.0,1.0,28.0,20.0,3.8,5.1,1.0,0.0,68.0,47.0,12.0,10.0,5.1,5.2,1-2,1-2,0.0,2.0,12.0,6.0,6.0,2.0,2.0,2.0,6-32,2-13
401128176,2019,"August 8, 2019",Chicago Bears,Carolina Panthers,"0-1, 0-1 Home","1-0, 1-0 Away",13,23,CHI -3.0,36.0,Final,,0,10,0,3,,3,3,10,7,,1,NFL,13.0,18.0,252.0,269.0,170.0,173.0,82.0,96.0,8-58,4-31,0.0,2.0,29:00,31:00,4-13,5-14,0-0,1-1,19-30,20-36,4.9,4.4,0.0,1.0,19.0,24.0,4.3,4.0,0.0,1.0,54.0,63.0,12.0,11.0,4.7,4.3,1-2,2-3,0.0,0.0,9.0,12.0,4.0,5.0,0.0,1.0,5-35,3-15
401128031,2019,"December 15, 2019",Green Bay Packers,Chicago Bears,"11-3, 7-1 Home","7-7, 3-4 Away",21,13,GB -4.5,41.0,Final,FOX,7,0,14,0,,0,3,0,10,,15,NFL,12.0,20.0,292.0,415.0,192.0,319.0,100.0,96.0,4-30,4-35,0.0,3.0,25:38,34:22,5-15,9-20,1-3,0-3,16-33,29-53,5.6,5.7,0.0,2.0,24.0,27.0,4.2,3.6,0.0,1.0,58.0,83.0,12.0,13.0,5.0,5.0,1-1,1-3,0.0,0.0,7.0,15.0,5.0,4.0,0.0,1.0,1-11,3-15
401128015,2019,"November 28, 2019",Detroit Lions,Chicago Bears,"3-8-1, 2-4 Home","6-6, 3-3 Away",20,24,CHI -5.5,37.0,Final,FOX,14,3,0,3,,7,3,7,7,,13,NFL,19.0,22.0,364.0,419.0,259.0,331.0,105.0,88.0,9-85,10-89,1.0,1.0,29:10,30:50,8-16,5-10,0-1,0-1,22-38,29-38,6.5,8.5,1.0,1.0,27.0,23.0,3.9,3.8,0.0,0.0,67.0,62.0,11.0,10.0,5.4,6.8,1-3,3-4,0.0,0.0,13.0,16.0,4.0,6.0,2.0,0.0,2-21,1-7
401128133,2019,"November 17, 2019",Los Angeles Rams,Chicago Bears,"6-4, 3-2 Home","4-6, 2-3 Away",17,7,LAR -5.5,40.0,Final,NBC,0,10,0,7,,0,0,7,0,,11,NFL,13.0,17.0,283.0,267.0,173.0,193.0,110.0,74.0,6-34,2-25,2.0,1.0,27:16,32:44,3-10,6-17,0-0,0-2,11-18,25-47,9.6,3.9,1.0,1.0,34.0,24.0,3.2,3.1,1.0,0.0,52.0,74.0,13.0,12.0,5.4,3.6,2-3,1-1,0.0,0.0,6.0,10.0,7.0,5.0,0.0,2.0,0-0,3-6
401128082,2019,"November 3, 2019",Philadelphia Eagles,Chicago Bears,"5-4, 3-1 Home","3-5, 2-2 Away",22,14,PHI -5.0,41.0,Final,FOX,3,9,7,3,,0,0,7,7,,9,NFL,26.0,10.0,373.0,164.0,227.0,102.0,146.0,62.0,8-75,9-70,0.0,1.0,40:18,19:42,8-18,2-10,1-1,0-0,26-39,10-21,5.3,4.3,0.0,0.0,35.0,18.0,4.2,3.4,0.0,1.0,78.0,42.0,12.0,10.0,4.8,3.9,2-4,2-2,0.0,0.0,16.0,3.0,7.0,6.0,3.0,1.0,4-12,3-23
401128001,2019,"October 6, 2019",Oakland Raiders,Chicago Bears,3-2,3-2,24,21,CHI -6.5,39.0,Final,FOX,0,17,0,7,,0,0,21,0,,5,NFL,25.0,15.0,398.0,236.0,229.0,194.0,169.0,42.0,6-69,10-75,2.0,2.0,34:43,25:17,6-12,4-11,1-1,0-0,25-32,22-30,7.2,5.7,0.0,2.0,39.0,17.0,4.3,2.5,2.0,0.0,71.0,51.0,11.0,11.0,5.6,4.6,3-5,3-3,0.0,0.0,10.0,12.0,13.0,1.0,2.0,2.0,0-0,4-37
401127991,2019,"December 29, 2019",Minnesota Vikings,Chicago Bears,"10-6, 6-2 Home","8-8, 4-4 Away",19,21,CHI -4.5,36.0,Final,FOX,0,6,0,13,,6,5,7,3,,17,NFL,14.0,24.0,300.0,337.0,126.0,179.0,174.0,158.0,3-40,3-34,3.0,1.0,22:20,37:40,4-9,7-16,0-0,1-2,12-21,26-37,6.0,4.4,2.0,0.0,26.0,34.0,6.7,4.6,1.0,1.0,47.0,75.0,10.0,9.0,6.4,4.5,1-5,1-5,0.0,0.0,6.0,13.0,7.0,10.0,1.0,1.0,0-0,4-28
401128003,2019,"September 23, 2019",Washington Redskins,Chicago Bears,"0-3, 0-2 Home","2-1, 2-0 Away",15,31,CHI -5.0,41.0,Final,ESPN,0,3,6,6,,7,21,0,3,,3,NFL,25.0,21.0,356.0,298.0,287.0,208.0,69.0,90.0,9-61,9-59,5.0,1.0,28:24,31:36,3-9,8-13,2-3,0-0,30-43,25-31,6.1,6.1,3.0,1.0,21.0,24.0,3.3,3.8,2.0,0.0,68.0,58.0,11.0,9.0,5.2,5.1,2-5,2-3,0.0,2.0,20.0,15.0,2.0,2.0,3.0,4.0,4-45,3-23
401128154,2019,"August 16, 2019",New York Giants,Chicago Bears,"2-0, 2-0 Home","0-2, 0-1 Away",32,13,NYG -3.5,41.0,Final,NFL,7,12,0,13,,3,3,7,0,,2,NFL,24.0,10.0,411.0,165.0,250.0,131.0,161.0,34.0,6-55,8-66,3.0,2.0,34:54,25:06,5-11,4-13,0-1,0-0,21-30,18-31,7.8,3.9,1.0,0.0,35.0,21.0,4.6,1.6,2.0,2.0,67.0,55.0,12.0,13.0,6.1,3.0,4-7,1-3,0.0,0.0,9.0,5.0,12.0,4.0,3.0,1.0,2-20,3-25
401127943,2019,"December 22, 2019",Chicago Bears,Kansas City Chiefs,"7-8, 4-4 Home","11-4, 7-1 Away",3,26,KC -7.0,46.0,Final,NBC,0,0,3,0,,7,10,0,9,,16,NFL,18.0,25.0,234.0,350.0,133.0,244.0,101.0,106.0,7-50,9-71,0.0,0.0,26:36,33:24,5-12,6-11,0-3,0-0,18-34,23-33,3.6,7.2,0.0,0.0,22.0,29.0,4.6,3.7,0.0,0.0,59.0,63.0,8.0,8.0,4.0,5.6,0-1,3-4,0.0,0.0,8.0,15.0,7.0,6.0,3.0,4.0,3-24,1-7
401127871,2019,"December 5, 2019",Chicago Bears,Dallas Cowboys,"7-6, 4-3 Home","6-7, 3-4 Away",31,24,DAL -3.0,43.0,Final,FOX/NFL,0,17,7,7,,7,0,0,17,,14,NFL,24.0,22.0,382.0,408.0,231.0,326.0,151.0,82.0,4-30,6-52,2.0,0.0,32:18,27:42,7-12,6-15,0-0,2-3,23-31,27-49,7.0,6.4,1.0,0.0,34.0,22.0,4.4,3.7,1.0,0.0,67.0,73.0,12.0,12.0,5.7,5.6,3-5,3-4,0.0,0.0,12.0,17.0,9.0,5.0,3.0,0.0,2-13,2-8
401127914,2019,"November 24, 2019",Chicago Bears,New York Giants,"5-6, 3-3 Home","2-9, 1-5 Away",19,14,CHI -6.0,41.0,Final,FOX,0,3,16,0,,0,7,0,7,,12,NFL,20.0,14.0,335.0,243.0,270.0,134.0,65.0,109.0,6-40,6-35,2.0,1.0,33:11,26:49,4-15,1-12,0-0,2-4,25-41,21-36,6.3,3.6,2.0,0.0,26.0,21.0,2.5,5.2,0.0,1.0,69.0,58.0,13.0,13.0,4.9,4.2,1-4,2-2,0.0,0.0,14.0,9.0,5.0,4.0,1.0,1.0,2-8,1-16
401127911,2019,"November 10, 2019",Chicago Bears,Detroit Lions,"4-5, 2-3 Home","3-5-1, 1-3-1 Away",20,13,CHI -6.5,38.0,Final,CBS,0,7,13,0,,3,3,0,7,,10,NFL,13.0,21.0,226.0,357.0,145.0,259.0,81.0,98.0,7-57,8-76,0.0,1.0,28:06,31:54,2-12,7-18,1-1,0-2,16-23,27-46,5.2,5.4,0.0,1.0,24.0,27.0,3.4,3.6,0.0,0.0,52.0,75.0,12.0,13.0,4.3,4.8,2-2,0-1,0.0,0.0,7.0,11.0,4.0,6.0,2.0,4.0,5-28,2-10
401128039,2019,"October 27, 2019",Chicago Bears,Los Angeles Chargers,"3-4, 1-3 Home","3-5, 2-2 Away",16,17,CHI -3.5,42.0,Final,FOX,0,9,7,0,,0,7,3,7,,8,NFL,26.0,11.0,388.0,231.0,226.0,195.0,162.0,36.0,5-42,8-53,2.0,1.0,38:00,22:00,5-14,2-10,1-1,0-0,23-35,19-29,5.8,6.5,1.0,1.0,38.0,12.0,4.3,3.0,1.0,0.0,77.0,42.0,11.0,10.0,5.0,5.5,1-5,2-4,0.0,0.0,9.0,8.0,12.0,2.0,5.0,1.0,4-27,1-6
401128093,2019,"September 29, 2019",Chicago Bears,Minnesota Vikings,"3-1, 1-1 Home","2-2, 0-2 Away",16,6,CHI -1.0,38.0,Final,CBS,7,3,6,0,,0,0,0,6,,4,NFL,17.0,15.0,269.0,222.0,197.0,182.0,72.0,40.0,7-50,7-55,0.0,2.0,35:27,24:33,5-16,5-13,2-3,1-2,24-33,27-36,5.8,4.3,0.0,0.0,33.0,16.0,2.2,2.5,0.0,2.0,67.0,58.0,10.0,10.0,4.0,3.8,1-4,1-1,0.0,0.0,11.0,9.0,4.0,3.0,2.0,3.0,1-7,6-51
401127913,2019,"September 5, 2019",Chicago Bears,Green Bay Packers,"0-1, 0-1 Home","1-0, 1-0 Away",3,10,CHI -3.0,47.0,Final,NBC,3,0,0,0,,0,7,0,3,,1,NFL,16.0,13.0,254.0,213.0,208.0,166.0,46.0,47.0,10-107,10-71,1.0,0.0,28:57,31:03,3-15,2-12,0-2,0-0,26-45,18-30,4.2,4.7,1.0,0.0,15.0,22.0,3.1,2.1,0.0,0.0,65.0,57.0,12.0,13.0,3.9,3.7,0-1,1-2,0.0,0.0,10.0,10.0,3.0,1.0,3.0,2.0,5-20,5-37
401127982,2019,"October 20, 2019",Chicago Bears,New Orleans Saints,"3-3, 1-2 Home","6-1, 3-1 Away",25,36,CHI -4.5,37.0,Final,FOX,7,3,0,15,,9,3,14,10,,7,NFL,16.0,24.0,252.0,424.0,235.0,273.0,17.0,151.0,3-10,4-35,2.0,0.0,22:34,37:26,2-12,7-15,1-2,0-0,34-54,23-38,4.2,7.0,0.0,0.0,7.0,35.0,2.4,4.3,2.0,0.0,63.0,74.0,14.0,14.0,4.0,5.7,2-2,4-6,1.0,0.0,16.0,14.0,0.0,9.0,0.0,1.0,2-16,1-8
