ESPN_ID,Season,Date,Home,Away,Home_Record,Away_Record,Home_Score,Away_Score,Line,Over_Under,Final_Status,Network,H1H,H2H,HOT,A1H,A2H,AOT,League
293200096,2010,"November 16, 2009",Kentucky Wildcats,Miami (Oh) Redhawks,"2-0, 2-0 Home","0-2, 0-2 Away",72,70,,,Final,,36,36,,39,31,,NCAAB
293250193,2010,"November 21, 2009",Miami (Oh) Redhawks,Nicholls Colonels,1-3,0-4,69,58,,,Final,,30,39,,33,25,,NCAAB
293320193,2010,"November 28, 2009",Miami (Oh) Redhawks,Evansville Purple Aces,"2-4, 1-0 Home","2-2, 0-1 Away",82,58,,,Final,,42,40,,27,31,,NCAAB
293420193,2010,"December 8, 2009",Miami (Oh) Redhawks,Temple Owls,"2-6, 1-2 Home","7-2, 3-1 Away",42,64,,,Final,,16,26,,36,28,,NCAAB
293480193,2010,"December 13, 2009",Miami (Oh) Redhawks,Wright State Raiders,"3-7, 2-2 Home","6-3, 1-3 Away",56,55,,,Final,,26,30,,33,22,,NCAAB
293572752,2010,"December 23, 2009",Xavier Musketeers,Miami (Oh) Redhawks,"7-4, 6-0 Home","3-9, 0-6 Away",70,67,,,Final,,38,32,,31,36,,NCAAB
300092084,2010,"January 9, 2010",Buffalo Bulls,Miami (Oh) Redhawks,"8-4, 1-0 Conf","3-11, 0-1 Conf",73,55,,,Final,,31,42,,23,32,,NCAAB
300160193,2010,"January 16, 2010",Miami (Oh) Redhawks,Ohio Bobcats,"5-11, 2-1 Conf","9-8, 0-3 Conf",79,67,,,Final,,29,50,,37,30,,NCAAB
300230193,2010,"January 23, 2010",Miami (Oh) Redhawks,Bowling Green Falcons,"6-12, 3-2 Conf","9-8, 2-3 Conf",64,52,,,Final,,19,45,,20,32,,NCAAB
300280193,2010,"January 28, 2010",Miami (Oh) Redhawks,Central Michigan Chippewas,"7-13, 4-3 Conf","9-9, 4-2 Conf",64,51,,,Final,,23,41,,20,31,,NCAAB
300352711,2010,"February 4, 2010",Western Michigan Broncos,Miami (Oh) Redhawks,"12-10, 4-5 Conf","9-13, 6-3 Conf",54,56,,,Final,,29,25,,24,32,,NCAAB
300410193,2010,"February 10, 2010",Miami (Oh) Redhawks,Toledo Rockets,"11-13, 8-3 Conf","3-22, 0-11 Conf",55,47,,,Final,,18,37,,21,26,,NCAAB
300480193,2010,"February 17, 2010",Miami (Oh) Redhawks,Akron Zips,"11-15, 8-5 Conf","20-7, 10-3 Conf",56,61,,,Final,,27,29,,29,32,,NCAAB
300550195,2010,"February 24, 2010",Ohio Bobcats,Miami (Oh) Redhawks,"16-13, 6-8 Conf","12-16, 8-6 Conf",70,68,,,Final,,22,48,,28,40,,NCAAB
300630193,2010,"March 4, 2010",Miami (Oh) Redhawks,Buffalo Bulls,"13-17, 9-7 Conf","17-11, 9-7 Conf",73,62,,,Final,,33,40,,29,33,,NCAAB
293170119,2010,"November 13, 2009",Towson Tigers,Miami (Oh) Redhawks,"1-0, 1-0 Home","0-1, 0-1 Away",82,71,,,Final,,37,45,,42,29,,NCAAB
293242348,2010,"November 20, 2009",Louisiana Tech Bulldogs,Miami (Oh) Redhawks,2-0,0-3,74,62,,,Final,,36,38,,26,36,,NCAAB
293260167,2010,"November 22, 2009",New Mexico Lobos,Miami (Oh) Redhawks,"5-0, 4-0 Home","1-4, 0-3 Away",85,60,,,Final,,45,40,,21,39,,NCAAB
293360193,2010,"December 2, 2009",Miami (Oh) Redhawks,Dayton Flyers,"2-5, 1-1 Home","4-2, 1-1 Away",58,65,,,Final,,28,30,,30,35,,NCAAB
293442132,2010,"December 10, 2009",Cincinnati Bearcats,Miami (Oh) Redhawks,"6-1, 4-0 Home","2-7, 0-4 Away",63,59,,,Final,,24,39,,23,36,,NCAAB
293540270,2010,"December 19, 2009",Milwaukee Panthers,Miami (Oh) Redhawks,"8-4, 4-1 Home","3-8, 0-5 Away",68,61,,,Final,,26,42,,18,43,,NCAAB
300050038,2010,"January 5, 2010",Colorado Buffaloes,Miami (Oh) Redhawks,"9-5, 8-0 Home","3-10, 0-7 Away",67,65,,,Final,,32,35,,25,40,,NCAAB
300120193,2010,"January 12, 2010",Miami (Oh) Redhawks,Kent State Golden Flashes,"4-11, 1-1 Conf","10-6, 1-1 Conf",55,53,,,Final/OT,,11,36,8,24,23,6,NCAAB
300202006,2010,"January 20, 2010",Akron Zips,Miami (Oh) Redhawks,"13-5, 3-1 Conf","5-12, 2-2 Conf",69,49,,,Final,,38,31,,20,29,,NCAAB
300262050,2010,"January 26, 2010",Ball State Cardinals,Miami (Oh) Redhawks,"9-9, 3-3 Conf","6-13, 3-3 Conf",65,59,,,Final/2OT,,24,24,17,27,21,11,NCAAB
300300193,2010,"January 30, 2010",Miami (Oh) Redhawks,Eastern Michigan Eagles,"8-13, 5-3 Conf","10-10, 2-5 Conf",61,51,,,Final,,31,30,,14,37,,NCAAB
300372459,2010,"February 6, 2010",Northern Illinois Huskies,Miami (Oh) Redhawks,"8-14, 4-6 Conf","10-13, 7-3 Conf",69,74,,,Final,,26,43,,44,30,,NCAAB
300450189,2010,"February 14, 2010",Bowling Green Falcons,Miami (Oh) Redhawks,"13-11, 6-6 Conf","11-14, 8-4 Conf",67,64,,,Final,,27,40,,33,31,,NCAAB
300510193,2010,"February 20, 2010",Miami (Oh) Redhawks,Southeast Missouri State Redhawks,"12-15, 9-3 Home","7-21, 2-12 Away",69,53,,,Final,,35,34,,24,29,,NCAAB
300582309,2010,"February 27, 2010",Kent State Golden Flashes,Miami (Oh) Redhawks,"22-8, 12-3 Conf","12-17, 8-7 Conf",66,58,,,Final,,35,31,,26,32,,NCAAB
300700193,2010,"March 11, 2010",Miami (Oh) Redhawks,Buffalo Bulls,"14-17, 9-7 Conf","18-12, 9-7 Conf",73,59,,,Final,,32,41,,21,38,,NCAAB
300710193,2010,"March 12, 2010",Miami (Oh) Redhawks,Ohio Bobcats,"14-18, 9-7 Conf","20-14, 7-9 Conf",42,54,,,Final,,12,30,,21,33,,NCAAB
